"site_type","type","replicate","quad","treat_plot","year","taxon","cover"
"HP","P","A","20","1",2017,"rushes",16
"HP","P","A","35","1",2017,"rushes",16
"HP","P","A","85","1",2017,"rushes",15
"HP","P","A","53","2",2017,"rushes",18
"HP","P","A","6","2",2017,"rushes",15
"HP","P","A","59","2",2017,"rushes",16
"HP","P","A","73","3",2017,"rushes",15
"HP","P","A","3","3",2017,"rushes",16
"HP","P","A","88","3",2017,"rushes",19
"HP","P","A","2","4",2017,"rushes",12
"HP","P","A","19","4",2017,"rushes",14
"HP","P","A","38","4",2017,"rushes",26
"HP","P","A","29","5",2017,"rushes",10
"HP","P","A",NA,"5",2017,"rushes",2
"HP","P","A","10","5",2017,"rushes",10
"HP","P","A","86","6",2017,"rushes",23
"HP","P","A","48","6",2017,"rushes",6
"HP","P","A","47","6",2017,"rushes",20
"HP","P","A","17","7",2017,"rushes",16
"HP","P","A","24","7",2017,"rushes",15
"HP","P","A","33","7",2017,"rushes",18
"HP","P","A","66","8",2017,"rushes",15
"HP","P","A","45","8",2017,"rushes",23
"HP","P","A","91","8",2017,"rushes",12
"HP","P","B","44","1",2017,"rushes",12
"HP","P","B","91","1",2017,"rushes",6
"HP","P","B","11","1",2017,"rushes",28
"HP","P","B","29","2",2017,"rushes",6
"HP","P","B","71","2",2017,"rushes",6
"HP","P","B","80","2",2017,"rushes",15
"HP","P","B","52","3",2017,"rushes",6
"HP","P","B","82","3",2017,"rushes",18
"HP","P","B","7","3",2017,"rushes",12
"HP","P","B","65","4",2017,"rushes",18
"HP","P","B","73","4",2017,"rushes",19
"HP","P","B","58","4",2017,"rushes",21
"HP","P","B","14","5",2017,"rushes",12
"HP","P","B","28","5",2017,"rushes",15
"HP","P","B","41","5",2017,"rushes",19
"HP","P","B","96","6",2017,"rushes",16
"HP","P","B","79","6",2017,"rushes",24
"HP","P","B","3","6",2017,"rushes",22
"HP","P","B","24","7",2017,"rushes",18
"HP","P","B","99","7",2017,"rushes",18
"HP","P","B","63","7",2017,"rushes",15
"HP","P","B","31","8",2017,"rushes",18
"HP","P","B","12","8",2017,"rushes",15
"HP","P","B","47","8",2017,"rushes",19
"HP","P","C","54","1",2017,"rushes",26
"HP","P","C","51","1",2017,"rushes",19
"HP","P","C","61","1",2017,"rushes",24
"HP","P","C","15","2",2017,"rushes",19
"HP","P","C","35","2",2017,"rushes",24
"HP","P","C","8","2",2017,"rushes",21
"HP","P","C","47","3",2017,"rushes",24
"HP","P","C","74","3",2017,"rushes",22
"HP","P","C","31","3",2017,"rushes",21
"HP","P","C","9","4",2017,"rushes",16
"HP","P","C","24","4",2017,"rushes",19
"HP","P","C","67","4",2017,"rushes",21
"HP","P","C","83","5",2017,"rushes",21
"HP","P","C","10","5",2017,"rushes",21
"HP","P","C","78","5",2017,"rushes",24
"HP","P","C","84","6",2017,"rushes",16
"HP","P","C","85","6",2017,"rushes",18
"HP","P","C","13","6",2017,"rushes",16
"HP","P","C","59","7",2017,"rushes",20
"HP","P","C","98","7",2017,"rushes",12
"HP","P","C","50","7",2017,"rushes",19
"HP","P","C","42","8",2017,"rushes",15
"HP","P","C","53","8",2017,"rushes",16
"HP","P","C","16","8",2017,"rushes",16
"HM","M","A","20","1",2017,"rushes",19
"HM","M","A","85","1",2017,"rushes",6
"HM","M","A","35","1",2017,"rushes",10
"HM","M","A","53","2",2017,"rushes",10
"HM","M","A","59","2",2017,"rushes",12
"HM","M","A","6","2",2017,"rushes",16
"HM","M","A","3","3",2017,"rushes",16
"HM","M","A","88","3",2017,"rushes",12
"HM","M","A","73","3",2017,"rushes",10
"HM","M","A","19","4",2017,"rushes",15
"HM","M","A","2","4",2017,"rushes",16
"HM","M","A","38","4",2017,"rushes",15
"HM","M","A","29","5",2017,"rushes",6
"HM","M","A","80","5",2017,"rushes",6
"HM","M","A","10","5",2017,"rushes",6
"HM","M","A","48","6",2017,"rushes",12
"HM","M","A","47","6",2017,"rushes",16
"HM","M","A","86","6",2017,"rushes",19
"HM","M","A","24","7",2017,"rushes",10
"HM","M","A","17","7",2017,"rushes",12
"HM","M","A","33","7",2017,"rushes",10
"HM","M","A","66","8",2017,"rushes",29
"HM","M","A","45","8",2017,"rushes",25
"HM","M","A","91","8",2017,"rushes",6
"HM","M","B","11","1",2017,"rushes",10
"HM","M","B","91","1",2017,"rushes",10
"HM","M","B","44","1",2017,"rushes",15
"HM","M","B","29","2",2017,"rushes",15
"HM","M","B","71","2",2017,"rushes",5
"HM","M","B","80","2",2017,"rushes",4
"HM","M","B","52","3",2017,"rushes",10
"HM","M","B","82","3",2017,"rushes",25
"HM","M","B","7","3",2017,"rushes",16
"HM","M","B","58","4",2017,"rushes",3
"HM","M","B","73","4",2017,"rushes",25
"HM","M","B","65","4",2017,"rushes",20
"HM","M","B","14","5",2017,"rushes",3
"HM","M","B","41","5",2017,"rushes",10
"HM","M","B","28","5",2017,"rushes",2
"HM","M","B","96","6",2017,"rushes",6
"HM","M","B","3","6",2017,"rushes",3
"HM","M","B","79","6",2017,"rushes",20
"HM","M","B","24","7",2017,"rushes",10
"HM","M","B","99","7",2017,"rushes",6
"HM","M","B","63","7",2017,"rushes",17
"HM","M","B","47","8",2017,"rushes",10
"HM","M","B","12","8",2017,"rushes",20
"HM","M","B","31","8",2017,"rushes",3
"HM","M","C","51","1",2017,"rushes",10
"HM","M","C","61","1",2017,"rushes",12
"HM","M","C","54","1",2017,"rushes",15
"HM","M","C","8","2",2017,"rushes",15
"HM","M","C","15","2",2017,"rushes",10
"HM","M","C","35","2",2017,"rushes",16
"HM","M","C","47","3",2017,"rushes",28
"HM","M","C","31","3",2017,"rushes",6
"HM","M","C","74","3",2017,"rushes",3
"HM","M","C","24","4",2017,"rushes",12
"HM","M","C","67","4",2017,"rushes",6
"HM","M","C","9","4",2017,"rushes",20
"HM","M","C","83","5",2017,"rushes",10
"HM","M","C","78","5",2017,"rushes",12
"HM","M","C","10","5",2017,"rushes",15
"HM","M","C","84","6",2017,"rushes",12
"HM","M","C","85","6",2017,"rushes",16
"HM","M","C","13","6",2017,"rushes",15
"HM","M","C","59","7",2017,"rushes",15
"HM","M","C","50","7",2017,"rushes",10
"HM","M","C","98","7",2017,"rushes",20
"HM","M","C","53","8",2017,"rushes",18
"HM","M","C","42","8",2017,"rushes",15
"HM","M","C","16","8",2017,"rushes",10
"LM","M","A","35","1",2017,"rushes",18
"LM","M","A","20","1",2017,"rushes",12
"LM","M","A","85","1",2017,"rushes",15
"LM","M","A","59","2",2017,"rushes",12
"LM","M","A","53","2",2017,"rushes",19
"LM","M","A","6","2",2017,"rushes",15
"LM","M","A","88","3",2017,"rushes",15
"LM","M","A","3","3",2017,"rushes",12
"LM","M","A","73","3",2017,"rushes",10
"LM","M","A","19","4",2017,"rushes",3
"LM","M","A","2","4",2017,"rushes",25
"LM","M","A","38","4",2017,"rushes",6
"LM","M","A","10","5",2017,"rushes",12
"LM","M","A","80","5",2017,"rushes",10
"LM","M","A","29","5",2017,"rushes",6
"LM","M","A","86","6",2017,"rushes",1
"LM","M","A","47","6",2017,"rushes",3
"LM","M","A","48","6",2017,"rushes",5
"LM","M","A","24","7",2017,"rushes",11
"LM","M","A","33","7",2017,"rushes",16
"LM","M","A","17","7",2017,"rushes",9
"LM","M","A","91","8",2017,"rushes",1
"LM","M","A","45","8",2017,"rushes",1
"LM","M","A","66","8",2017,"rushes",1
"LM","M","B","44","1",2017,"rushes",6
"LM","M","B","91","1",2017,"rushes",28
"LM","M","B","11","1",2017,"rushes",10
"LM","M","B","71","2",2017,"rushes",28
"LM","M","B","80","2",2017,"rushes",3
"LM","M","B","29","2",2017,"rushes",25
"LM","M","B","52","3",2017,"rushes",10
"LM","M","B","82","3",2017,"rushes",7
"LM","M","B","7","3",2017,"rushes",6
"LM","M","B","73","4",2017,"rushes",6
"LM","M","B","58","4",2017,"rushes",14
"LM","M","B","65","4",2017,"rushes",14
"LM","M","B","41","5",2017,"rushes",3
"LM","M","B","14","5",2017,"rushes",14
"LM","M","B","28","5",2017,"rushes",5
"LM","M","B","79","6",2017,"rushes",20
"LM","M","B","3","6",2017,"rushes",20
"LM","M","B","96","6",2017,"rushes",6
"LM","M","B","50","7",2017,"rushes",6
"LM","M","B","59","7",2017,"rushes",10
"LM","M","B","98","7",2017,"rushes",1
"LM","M","B","31","8",2017,"rushes",20
"LM","M","B","12","8",2017,"rushes",20
"LM","M","B","47","8",2017,"rushes",3
"LM","M","C","51","1",2017,"rushes",25
"LM","M","C","61","1",2017,"rushes",3
"LM","M","C","54","1",2017,"rushes",14
"LM","M","C","8","2",2017,"rushes",3
"LM","M","C","15","2",2017,"rushes",20
"LM","M","C","35","2",2017,"rushes",14
"LM","M","C","31","3",2017,"rushes",20
"LM","M","C","47","3",2017,"rushes",5
"LM","M","C","74","3",2017,"rushes",6
"LM","M","C","24","4",2017,"rushes",6
"LM","M","C","67","4",2017,"rushes",28
"LM","M","C","9","4",2017,"rushes",20
"LM","M","C","10","5",2017,"rushes",20
"LM","M","C","78","5",2017,"rushes",15
"LM","M","C","83","5",2017,"rushes",25
"LM","M","C","85","6",2017,"rushes",6
"LM","M","C","84","6",2017,"rushes",6
"LM","M","C","13","6",2017,"rushes",8
"LM","M","C","63","7",2017,"rushes",3
"LM","M","C","99","7",2017,"rushes",15
"LM","M","C","24","7",2017,"rushes",6
"LM","M","C","53","8",2017,"rushes",4
"LM","M","C","42","8",2017,"rushes",10
"LM","M","C","16","8",2017,"rushes",6
"VP","P","A","85","1",2017,"rushes",12
"VP","P","A","35","1",2017,"rushes",12
"VP","P","A","20","1",2017,"rushes",18
"VP","P","A","53","2",2017,"rushes",12
"VP","P","A","6","2",2017,"rushes",10
"VP","P","A","59","2",2017,"rushes",21
"VP","P","A","3","3",2017,"rushes",10
"VP","P","A","88","3",2017,"rushes",18
"VP","P","A","73","3",2017,"rushes",24
"VP","P","A","19","4",2017,"rushes",18
"VP","P","A","38","4",2017,"rushes",10
"VP","P","A","2","4",2017,"rushes",22
"VP","P","A","80","5",2017,"rushes",18
"VP","P","A","10","5",2017,"rushes",21
"VP","P","A","29","5",2017,"rushes",15
"VP","P","A","48","6",2017,"rushes",15
"VP","P","A","86","6",2017,"rushes",15
"VP","P","A","47","6",2017,"rushes",18
"VP","P","A","17","7",2017,"rushes",18
"VP","P","A","33","7",2017,"rushes",18
"VP","P","A","24","7",2017,"rushes",15
"VP","P","A","45","8",2017,"rushes",18
"VP","P","A","91","8",2017,"rushes",24
"VP","P","A","66","8",2017,"rushes",21
"VP","P","B","44","1",2017,"rushes",15
"VP","P","B","11","1",2017,"rushes",10
"VP","P","B","91","1",2017,"rushes",16
"VP","P","B","80","2",2017,"rushes",21
"VP","P","B","29","2",2017,"rushes",16
"VP","P","B","71","2",2017,"rushes",24
"VP","P","B","82","3",2017,"rushes",18
"VP","P","B","52","3",2017,"rushes",19
"VP","P","B","7","3",2017,"rushes",18
"VP","P","B","73","4",2017,"rushes",24
"VP","P","B","65","4",2017,"rushes",21
"VP","P","B","58","4",2017,"rushes",19
"VP","P","B","28","5",2017,"rushes",15
"VP","P","B","41","5",2017,"rushes",18
"VP","P","B","14","5",2017,"rushes",18
"VP","P","B","79","6",2017,"rushes",19
"VP","P","B","3","6",2017,"rushes",27
"VP","P","B","96","6",2017,"rushes",18
"VP","P","B","99","7",2017,"rushes",13
"VP","P","B","63","7",2017,"rushes",19
"VP","P","B","2","7",2017,"rushes",26
"VP","P","B","12","8",2017,"rushes",10
"VP","P","B","31","8",2017,"rushes",19
"VP","P","B","47","8",2017,"rushes",15
"VP","P","C","51","1",2017,"rushes",28
"VP","P","C","61","1",2017,"rushes",6
"VP","P","C","54","1",2017,"rushes",6
"VP","P","C","15","2",2017,"rushes",12
"VP","P","C","8","2",2017,"rushes",12
"VP","P","C","35","2",2017,"rushes",10
"VP","P","C","74","3",2017,"rushes",15
"VP","P","C","31","3",2017,"rushes",16
"VP","P","C","47","3",2017,"rushes",18
"VP","P","C","67","4",2017,"rushes",18
"VP","P","C","24","4",2017,"rushes",16
"VP","P","C","9","4",2017,"rushes",10
"VP","P","C","78","5",2017,"rushes",10
"VP","P","C","10","5",2017,"rushes",15
"VP","P","C","83","5",2017,"rushes",15
"VP","P","C","85","6",2017,"rushes",27
"VP","P","C","13","6",2017,"rushes",26
"VP","P","C","84","6",2017,"rushes",22
"VP","P","C","50","7",2017,"rushes",18
"VP","P","C","59","7",2017,"rushes",21
"VP","P","C","98","7",2017,"rushes",15
"VP","P","C","53","8",2017,"rushes",19
"VP","P","C","16","8",2017,"rushes",24
"VP","P","C","42","8",2017,"rushes",24
"HP","P","A","20","1",2017,"grasses",6
"HP","P","A","35","1",2017,"grasses",6
"HP","P","A","85","1",2017,"grasses",7
"HP","P","A","53","2",2017,"grasses",6
"HP","P","A","6","2",2017,"grasses",18
"HP","P","A","59","2",2017,"grasses",4
"HP","P","A","73","3",2017,"grasses",11
"HP","P","A","3","3",2017,"grasses",16
"HP","P","A","88","3",2017,"grasses",10
"HP","P","A","2","4",2017,"grasses",6
"HP","P","A","19","4",2017,"grasses",16
"HP","P","A","38","4",2017,"grasses",5
"HP","P","A","29","5",2017,"grasses",7
"HP","P","A",NA,"5",2017,"grasses",3
"HP","P","A","10","5",2017,"grasses",10
"HP","P","A","86","6",2017,"grasses",5
"HP","P","A","48","6",2017,"grasses",5
"HP","P","A","47","6",2017,"grasses",9
"HP","P","A","17","7",2017,"grasses",16
"HP","P","A","24","7",2017,"grasses",13
"HP","P","A","33","7",2017,"grasses",13
"HP","P","A","66","8",2017,"grasses",10
"HP","P","A","45","8",2017,"grasses",9
"HP","P","A","91","8",2017,"grasses",16
"HP","P","B","44","1",2017,"grasses",12
"HP","P","B","91","1",2017,"grasses",16
"HP","P","B","11","1",2017,"grasses",4
"HP","P","B","29","2",2017,"grasses",19
"HP","P","B","71","2",2017,"grasses",19
"HP","P","B","80","2",2017,"grasses",19
"HP","P","B","52","3",2017,"grasses",18
"HP","P","B","82","3",2017,"grasses",10
"HP","P","B","7","3",2017,"grasses",13
"HP","P","B","65","4",2017,"grasses",18
"HP","P","B","73","4",2017,"grasses",12
"HP","P","B","58","4",2017,"grasses",12
"HP","P","B","14","5",2017,"grasses",18
"HP","P","B","28","5",2017,"grasses",16
"HP","P","B","41","5",2017,"grasses",12
"HP","P","B","96","6",2017,"grasses",16
"HP","P","B","79","6",2017,"grasses",11
"HP","P","B","3","6",2017,"grasses",12
"HP","P","B","24","7",2017,"grasses",16
"HP","P","B","99","7",2017,"grasses",12
"HP","P","B","63","7",2017,"grasses",7
"HP","P","B","31","8",2017,"grasses",4
"HP","P","B","12","8",2017,"grasses",13
"HP","P","B","47","8",2017,"grasses",9
"HP","P","C","54","1",2017,"grasses",20
"HP","P","C","51","1",2017,"grasses",18
"HP","P","C","61","1",2017,"grasses",18
"HP","P","C","15","2",2017,"grasses",20
"HP","P","C","35","2",2017,"grasses",16
"HP","P","C","8","2",2017,"grasses",18
"HP","P","C","47","3",2017,"grasses",13
"HP","P","C","74","3",2017,"grasses",12
"HP","P","C","31","3",2017,"grasses",7
"HP","P","C","9","4",2017,"grasses",16
"HP","P","C","24","4",2017,"grasses",18
"HP","P","C","67","4",2017,"grasses",16
"HP","P","C","83","5",2017,"grasses",19
"HP","P","C","10","5",2017,"grasses",12
"HP","P","C","78","5",2017,"grasses",15
"HP","P","C","84","6",2017,"grasses",5
"HP","P","C","85","6",2017,"grasses",7
"HP","P","C","13","6",2017,"grasses",9
"HP","P","C","59","7",2017,"grasses",10
"HP","P","C","98","7",2017,"grasses",10
"HP","P","C","50","7",2017,"grasses",7
"HP","P","C","42","8",2017,"grasses",12
"HP","P","C","53","8",2017,"grasses",10
"HP","P","C","16","8",2017,"grasses",9
"HM","M","A","20","1",2017,"grasses",12
"HM","M","A","85","1",2017,"grasses",13
"HM","M","A","35","1",2017,"grasses",18
"HM","M","A","53","2",2017,"grasses",19
"HM","M","A","59","2",2017,"grasses",16
"HM","M","A","6","2",2017,"grasses",20
"HM","M","A","3","3",2017,"grasses",12
"HM","M","A","88","3",2017,"grasses",10
"HM","M","A","73","3",2017,"grasses",10
"HM","M","A","19","4",2017,"grasses",13
"HM","M","A","2","4",2017,"grasses",9
"HM","M","A","38","4",2017,"grasses",12
"HM","M","A","29","5",2017,"grasses",18
"HM","M","A","80","5",2017,"grasses",6
"HM","M","A","10","5",2017,"grasses",16
"HM","M","A","48","6",2017,"grasses",12
"HM","M","A","47","6",2017,"grasses",16
"HM","M","A","86","6",2017,"grasses",10
"HM","M","A","24","7",2017,"grasses",21
"HM","M","A","17","7",2017,"grasses",20
"HM","M","A","33","7",2017,"grasses",22
"HM","M","A","66","8",2017,"grasses",10
"HM","M","A","45","8",2017,"grasses",9
"HM","M","A","91","8",2017,"grasses",9
"HM","M","B","11","1",2017,"grasses",20
"HM","M","B","91","1",2017,"grasses",12
"HM","M","B","44","1",2017,"grasses",11
"HM","M","B","29","2",2017,"grasses",19
"HM","M","B","71","2",2017,"grasses",16
"HM","M","B","80","2",2017,"grasses",19
"HM","M","B","52","3",2017,"grasses",7
"HM","M","B","82","3",2017,"grasses",16
"HM","M","B","7","3",2017,"grasses",NA
"HM","M","B","58","4",2017,"grasses",11
"HM","M","B","73","4",2017,"grasses",16
"HM","M","B","65","4",2017,"grasses",10
"HM","M","B","14","5",2017,"grasses",11
"HM","M","B","41","5",2017,"grasses",12
"HM","M","B","28","5",2017,"grasses",20
"HM","M","B","96","6",2017,"grasses",13
"HM","M","B","3","6",2017,"grasses",16
"HM","M","B","79","6",2017,"grasses",10
"HM","M","B","24","7",2017,"grasses",19
"HM","M","B","99","7",2017,"grasses",16
"HM","M","B","63","7",2017,"grasses",19
"HM","M","B","47","8",2017,"grasses",18
"HM","M","B","12","8",2017,"grasses",18
"HM","M","B","31","8",2017,"grasses",18
"HM","M","C","51","1",2017,"grasses",12
"HM","M","C","61","1",2017,"grasses",18
"HM","M","C","54","1",2017,"grasses",18
"HM","M","C","8","2",2017,"grasses",18
"HM","M","C","15","2",2017,"grasses",13
"HM","M","C","35","2",2017,"grasses",12
"HM","M","C","47","3",2017,"grasses",20
"HM","M","C","31","3",2017,"grasses",18
"HM","M","C","74","3",2017,"grasses",19
"HM","M","C","24","4",2017,"grasses",13
"HM","M","C","67","4",2017,"grasses",19
"HM","M","C","9","4",2017,"grasses",21
"HM","M","C","83","5",2017,"grasses",7
"HM","M","C","78","5",2017,"grasses",3
"HM","M","C","10","5",2017,"grasses",5
"HM","M","C","84","6",2017,"grasses",18
"HM","M","C","85","6",2017,"grasses",13
"HM","M","C","13","6",2017,"grasses",13
"HM","M","C","59","7",2017,"grasses",4
"HM","M","C","50","7",2017,"grasses",11
"HM","M","C","98","7",2017,"grasses",20
"HM","M","C","53","8",2017,"grasses",5
"HM","M","C","42","8",2017,"grasses",12
"HM","M","C","16","8",2017,"grasses",7
"LM","M","A","35","1",2017,"grasses",7
"LM","M","A","20","1",2017,"grasses",7
"LM","M","A","85","1",2017,"grasses",7
"LM","M","A","59","2",2017,"grasses",9
"LM","M","A","53","2",2017,"grasses",9
"LM","M","A","6","2",2017,"grasses",10
"LM","M","A","88","3",2017,"grasses",10
"LM","M","A","3","3",2017,"grasses",7
"LM","M","A","73","3",2017,"grasses",18
"LM","M","A","19","4",2017,"grasses",11
"LM","M","A","2","4",2017,"grasses",16
"LM","M","A","38","4",2017,"grasses",12
"LM","M","A","10","5",2017,"grasses",11
"LM","M","A","80","5",2017,"grasses",11
"LM","M","A","29","5",2017,"grasses",16
"LM","M","A","86","6",2017,"grasses",7
"LM","M","A","47","6",2017,"grasses",10
"LM","M","A","48","6",2017,"grasses",10
"LM","M","A","24","7",2017,"grasses",10
"LM","M","A","33","7",2017,"grasses",12
"LM","M","A","17","7",2017,"grasses",6
"LM","M","A","91","8",2017,"grasses",10
"LM","M","A","45","8",2017,"grasses",12
"LM","M","A","66","8",2017,"grasses",10
"LM","M","B","44","1",2017,"grasses",13
"LM","M","B","91","1",2017,"grasses",10
"LM","M","B","11","1",2017,"grasses",12
"LM","M","B","71","2",2017,"grasses",11
"LM","M","B","80","2",2017,"grasses",16
"LM","M","B","29","2",2017,"grasses",5
"LM","M","B","52","3",2017,"grasses",13
"LM","M","B","82","3",2017,"grasses",13
"LM","M","B","7","3",2017,"grasses",11
"LM","M","B","73","4",2017,"grasses",13
"LM","M","B","58","4",2017,"grasses",12
"LM","M","B","65","4",2017,"grasses",12
"LM","M","B","41","5",2017,"grasses",20
"LM","M","B","14","5",2017,"grasses",16
"LM","M","B","28","5",2017,"grasses",18
"LM","M","B","79","6",2017,"grasses",13
"LM","M","B","3","6",2017,"grasses",16
"LM","M","B","96","6",2017,"grasses",11
"LM","M","B","50","7",2017,"grasses",12
"LM","M","B","59","7",2017,"grasses",12
"LM","M","B","98","7",2017,"grasses",11
"LM","M","B","31","8",2017,"grasses",16
"LM","M","B","12","8",2017,"grasses",13
"LM","M","B","47","8",2017,"grasses",16
"LM","M","C","51","1",2017,"grasses",16
"LM","M","C","61","1",2017,"grasses",12
"LM","M","C","54","1",2017,"grasses",12
"LM","M","C","8","2",2017,"grasses",9
"LM","M","C","15","2",2017,"grasses",16
"LM","M","C","35","2",2017,"grasses",7
"LM","M","C","31","3",2017,"grasses",16
"LM","M","C","47","3",2017,"grasses",18
"LM","M","C","74","3",2017,"grasses",18
"LM","M","C","24","4",2017,"grasses",18
"LM","M","C","67","4",2017,"grasses",19
"LM","M","C","9","4",2017,"grasses",19
"LM","M","C","10","5",2017,"grasses",16
"LM","M","C","78","5",2017,"grasses",11
"LM","M","C","83","5",2017,"grasses",12
"LM","M","C","85","6",2017,"grasses",18
"LM","M","C","84","6",2017,"grasses",20
"LM","M","C","13","6",2017,"grasses",9
"LM","M","C","63","7",2017,"grasses",18
"LM","M","C","99","7",2017,"grasses",13
"LM","M","C","24","7",2017,"grasses",18
"LM","M","C","53","8",2017,"grasses",17
"LM","M","C","42","8",2017,"grasses",13
"LM","M","C","16","8",2017,"grasses",16
"VP","P","A","85","1",2017,"grasses",7
"VP","P","A","35","1",2017,"grasses",6
"VP","P","A","20","1",2017,"grasses",12
"VP","P","A","53","2",2017,"grasses",7
"VP","P","A","6","2",2017,"grasses",4
"VP","P","A","59","2",2017,"grasses",11
"VP","P","A","3","3",2017,"grasses",7
"VP","P","A","88","3",2017,"grasses",8
"VP","P","A","73","3",2017,"grasses",16
"VP","P","A","19","4",2017,"grasses",12
"VP","P","A","38","4",2017,"grasses",14
"VP","P","A","2","4",2017,"grasses",12
"VP","P","A","80","5",2017,"grasses",19
"VP","P","A","10","5",2017,"grasses",18
"VP","P","A","29","5",2017,"grasses",19
"VP","P","A","48","6",2017,"grasses",20
"VP","P","A","86","6",2017,"grasses",18
"VP","P","A","47","6",2017,"grasses",18
"VP","P","A","17","7",2017,"grasses",7
"VP","P","A","33","7",2017,"grasses",12
"VP","P","A","24","7",2017,"grasses",12
"VP","P","A","45","8",2017,"grasses",7
"VP","P","A","91","8",2017,"grasses",10
"VP","P","A","66","8",2017,"grasses",6
"VP","P","B","44","1",2017,"grasses",12
"VP","P","B","11","1",2017,"grasses",12
"VP","P","B","91","1",2017,"grasses",3
"VP","P","B","80","2",2017,"grasses",16
"VP","P","B","29","2",2017,"grasses",18
"VP","P","B","71","2",2017,"grasses",10
"VP","P","B","82","3",2017,"grasses",10
"VP","P","B","52","3",2017,"grasses",12
"VP","P","B","7","3",2017,"grasses",10
"VP","P","B","73","4",2017,"grasses",13
"VP","P","B","65","4",2017,"grasses",12
"VP","P","B","58","4",2017,"grasses",10
"VP","P","B","28","5",2017,"grasses",7
"VP","P","B","41","5",2017,"grasses",12
"VP","P","B","14","5",2017,"grasses",9
"VP","P","B","79","6",2017,"grasses",12
"VP","P","B","3","6",2017,"grasses",7
"VP","P","B","96","6",2017,"grasses",12
"VP","P","B","99","7",2017,"grasses",2
"VP","P","B","63","7",2017,"grasses",6
"VP","P","B","2","7",2017,"grasses",18
"VP","P","B","12","8",2017,"grasses",6
"VP","P","B","31","8",2017,"grasses",12
"VP","P","B","47","8",2017,"grasses",12
"VP","P","C","51","1",2017,"grasses",6
"VP","P","C","61","1",2017,"grasses",3
"VP","P","C","54","1",2017,"grasses",3
"VP","P","C","15","2",2017,"grasses",4
"VP","P","C","8","2",2017,"grasses",3
"VP","P","C","35","2",2017,"grasses",6
"VP","P","C","74","3",2017,"grasses",12
"VP","P","C","31","3",2017,"grasses",9
"VP","P","C","47","3",2017,"grasses",5
"VP","P","C","67","4",2017,"grasses",7
"VP","P","C","24","4",2017,"grasses",5
"VP","P","C","9","4",2017,"grasses",1
"VP","P","C","78","5",2017,"grasses",6
"VP","P","C","10","5",2017,"grasses",12
"VP","P","C","83","5",2017,"grasses",10
"VP","P","C","85","6",2017,"grasses",13
"VP","P","C","13","6",2017,"grasses",9
"VP","P","C","84","6",2017,"grasses",19
"VP","P","C","50","7",2017,"grasses",13
"VP","P","C","59","7",2017,"grasses",12
"VP","P","C","98","7",2017,"grasses",12
"VP","P","C","53","8",2017,"grasses",12
"VP","P","C","16","8",2017,"grasses",10
"VP","P","C","42","8",2017,"grasses",10
"HP","P","A","20","1",2017,"herbs",13
"HP","P","A","35","1",2017,"herbs",3
"HP","P","A","85","1",2017,"herbs",16
"HP","P","A","53","2",2017,"herbs",6
"HP","P","A","6","2",2017,"herbs",10
"HP","P","A","59","2",2017,"herbs",13
"HP","P","A","73","3",2017,"herbs",29
"HP","P","A","3","3",2017,"herbs",3
"HP","P","A","88","3",2017,"herbs",1
"HP","P","A","2","4",2017,"herbs",16
"HP","P","A","19","4",2017,"herbs",26
"HP","P","A","38","4",2017,"herbs",16
"HP","P","A","29","5",2017,"herbs",13
"HP","P","A",NA,"5",2017,"herbs",3
"HP","P","A","10","5",2017,"herbs",10
"HP","P","A","86","6",2017,"herbs",19
"HP","P","A","48","6",2017,"herbs",22
"HP","P","A","47","6",2017,"herbs",16
"HP","P","A","17","7",2017,"herbs",16
"HP","P","A","24","7",2017,"herbs",19
"HP","P","A","33","7",2017,"herbs",13
"HP","P","A","66","8",2017,"herbs",22
"HP","P","A","45","8",2017,"herbs",13
"HP","P","A","91","8",2017,"herbs",6
"HP","P","B","44","1",2017,"herbs",16
"HP","P","B","91","1",2017,"herbs",22
"HP","P","B","11","1",2017,"herbs",19
"HP","P","B","29","2",2017,"herbs",22
"HP","P","B","71","2",2017,"herbs",13
"HP","P","B","80","2",2017,"herbs",29
"HP","P","B","52","3",2017,"herbs",26
"HP","P","B","82","3",2017,"herbs",1
"HP","P","B","7","3",2017,"herbs",16
"HP","P","B","65","4",2017,"herbs",22
"HP","P","B","73","4",2017,"herbs",10
"HP","P","B","58","4",2017,"herbs",16
"HP","P","B","14","5",2017,"herbs",16
"HP","P","B","28","5",2017,"herbs",22
"HP","P","B","41","5",2017,"herbs",6
"HP","P","B","96","6",2017,"herbs",6
"HP","P","B","79","6",2017,"herbs",1
"HP","P","B","3","6",2017,"herbs",1
"HP","P","B","24","7",2017,"herbs",1
"HP","P","B","99","7",2017,"herbs",1
"HP","P","B","63","7",2017,"herbs",7
"HP","P","B","31","8",2017,"herbs",1
"HP","P","B","12","8",2017,"herbs",3
"HP","P","B","47","8",2017,"herbs",7
"HP","P","C","54","1",2017,"herbs",5
"HP","P","C","51","1",2017,"herbs",1
"HP","P","C","61","1",2017,"herbs",29
"HP","P","C","15","2",2017,"herbs",22
"HP","P","C","35","2",2017,"herbs",8
"HP","P","C","8","2",2017,"herbs",3
"HP","P","C","47","3",2017,"herbs",1
"HP","P","C","74","3",2017,"herbs",22
"HP","P","C","31","3",2017,"herbs",22
"HP","P","C","9","4",2017,"herbs",16
"HP","P","C","24","4",2017,"herbs",16
"HP","P","C","67","4",2017,"herbs",3
"HP","P","C","83","5",2017,"herbs",3
"HP","P","C","10","5",2017,"herbs",3
"HP","P","C","78","5",2017,"herbs",1
"HP","P","C","84","6",2017,"herbs",15
"HP","P","C","85","6",2017,"herbs",11
"HP","P","C","13","6",2017,"herbs",9
"HP","P","C","59","7",2017,"herbs",3
"HP","P","C","98","7",2017,"herbs",3
"HP","P","C","50","7",2017,"herbs",1
"HP","P","C","42","8",2017,"herbs",16
"HP","P","C","53","8",2017,"herbs",1
"HP","P","C","16","8",2017,"herbs",2
"HM","M","A","20","1",2017,"herbs",28
"HM","M","A","85","1",2017,"herbs",28
"HM","M","A","35","1",2017,"herbs",30
"HM","M","A","53","2",2017,"herbs",24
"HM","M","A","59","2",2017,"herbs",27
"HM","M","A","6","2",2017,"herbs",27
"HM","M","A","3","3",2017,"herbs",24
"HM","M","A","88","3",2017,"herbs",27
"HM","M","A","73","3",2017,"herbs",23
"HM","M","A","19","4",2017,"herbs",27
"HM","M","A","2","4",2017,"herbs",28
"HM","M","A","38","4",2017,"herbs",27
"HM","M","A","29","5",2017,"herbs",24
"HM","M","A","80","5",2017,"herbs",27
"HM","M","A","10","5",2017,"herbs",24
"HM","M","A","48","6",2017,"herbs",30
"HM","M","A","47","6",2017,"herbs",27
"HM","M","A","86","6",2017,"herbs",30
"HM","M","A","24","7",2017,"herbs",20
"HM","M","A","17","7",2017,"herbs",27
"HM","M","A","33","7",2017,"herbs",18
"HM","M","A","66","8",2017,"herbs",27
"HM","M","A","45","8",2017,"herbs",23
"HM","M","A","91","8",2017,"herbs",20
"HM","M","B","11","1",2017,"herbs",28
"HM","M","B","91","1",2017,"herbs",24
"HM","M","B","44","1",2017,"herbs",21
"HM","M","B","29","2",2017,"herbs",32
"HM","M","B","71","2",2017,"herbs",23
"HM","M","B","80","2",2017,"herbs",28
"HM","M","B","52","3",2017,"herbs",24
"HM","M","B","82","3",2017,"herbs",20
"HM","M","B","7","3",2017,"herbs",NA
"HM","M","B","58","4",2017,"herbs",28
"HM","M","B","73","4",2017,"herbs",24
"HM","M","B","65","4",2017,"herbs",27
"HM","M","B","14","5",2017,"herbs",30
"HM","M","B","41","5",2017,"herbs",24
"HM","M","B","28","5",2017,"herbs",20
"HM","M","B","96","6",2017,"herbs",32
"HM","M","B","3","6",2017,"herbs",28
"HM","M","B","79","6",2017,"herbs",23
"HM","M","B","24","7",2017,"herbs",28
"HM","M","B","99","7",2017,"herbs",27
"HM","M","B","63","7",2017,"herbs",17
"HM","M","B","47","8",2017,"herbs",18
"HM","M","B","12","8",2017,"herbs",18
"HM","M","B","31","8",2017,"herbs",20
"HM","M","C","51","1",2017,"herbs",31
"HM","M","C","61","1",2017,"herbs",24
"HM","M","C","54","1",2017,"herbs",27
"HM","M","C","8","2",2017,"herbs",20
"HM","M","C","15","2",2017,"herbs",23
"HM","M","C","35","2",2017,"herbs",27
"HM","M","C","47","3",2017,"herbs",24
"HM","M","C","31","3",2017,"herbs",23
"HM","M","C","74","3",2017,"herbs",24
"HM","M","C","24","4",2017,"herbs",30
"HM","M","C","67","4",2017,"herbs",28
"HM","M","C","9","4",2017,"herbs",20
"HM","M","C","83","5",2017,"herbs",24
"HM","M","C","78","5",2017,"herbs",21
"HM","M","C","10","5",2017,"herbs",27
"HM","M","C","84","6",2017,"herbs",27
"HM","M","C","85","6",2017,"herbs",27
"HM","M","C","13","6",2017,"herbs",27
"HM","M","C","59","7",2017,"herbs",24
"HM","M","C","50","7",2017,"herbs",27
"HM","M","C","98","7",2017,"herbs",27
"HM","M","C","53","8",2017,"herbs",27
"HM","M","C","42","8",2017,"herbs",23
"HM","M","C","16","8",2017,"herbs",28
"LM","M","A","35","1",2017,"herbs",20
"LM","M","A","20","1",2017,"herbs",23
"LM","M","A","85","1",2017,"herbs",23
"LM","M","A","59","2",2017,"herbs",23
"LM","M","A","53","2",2017,"herbs",18
"LM","M","A","6","2",2017,"herbs",20
"LM","M","A","88","3",2017,"herbs",21
"LM","M","A","3","3",2017,"herbs",24
"LM","M","A","73","3",2017,"herbs",20
"LM","M","A","19","4",2017,"herbs",28
"LM","M","A","2","4",2017,"herbs",27
"LM","M","A","38","4",2017,"herbs",24
"LM","M","A","10","5",2017,"herbs",24
"LM","M","A","80","5",2017,"herbs",21
"LM","M","A","29","5",2017,"herbs",21
"LM","M","A","86","6",2017,"herbs",30
"LM","M","A","47","6",2017,"herbs",23
"LM","M","A","48","6",2017,"herbs",24
"LM","M","A","24","7",2017,"herbs",23
"LM","M","A","33","7",2017,"herbs",21
"LM","M","A","17","7",2017,"herbs",28
"LM","M","A","91","8",2017,"herbs",28
"LM","M","A","45","8",2017,"herbs",21
"LM","M","A","66","8",2017,"herbs",24
"LM","M","B","44","1",2017,"herbs",18
"LM","M","B","91","1",2017,"herbs",21
"LM","M","B","11","1",2017,"herbs",20
"LM","M","B","71","2",2017,"herbs",20
"LM","M","B","80","2",2017,"herbs",20
"LM","M","B","29","2",2017,"herbs",27
"LM","M","B","52","3",2017,"herbs",24
"LM","M","B","82","3",2017,"herbs",25
"LM","M","B","7","3",2017,"herbs",27
"LM","M","B","73","4",2017,"herbs",24
"LM","M","B","58","4",2017,"herbs",27
"LM","M","B","65","4",2017,"herbs",23
"LM","M","B","41","5",2017,"herbs",27
"LM","M","B","14","5",2017,"herbs",28
"LM","M","B","28","5",2017,"herbs",30
"LM","M","B","79","6",2017,"herbs",28
"LM","M","B","3","6",2017,"herbs",24
"LM","M","B","96","6",2017,"herbs",30
"LM","M","B","50","7",2017,"herbs",30
"LM","M","B","59","7",2017,"herbs",27
"LM","M","B","98","7",2017,"herbs",30
"LM","M","B","31","8",2017,"herbs",17
"LM","M","B","12","8",2017,"herbs",21
"LM","M","B","47","8",2017,"herbs",21
"LM","M","C","51","1",2017,"herbs",20
"LM","M","C","61","1",2017,"herbs",23
"LM","M","C","54","1",2017,"herbs",21
"LM","M","C","8","2",2017,"herbs",24
"LM","M","C","15","2",2017,"herbs",21
"LM","M","C","35","2",2017,"herbs",28
"LM","M","C","31","3",2017,"herbs",27
"LM","M","C","47","3",2017,"herbs",27
"LM","M","C","74","3",2017,"herbs",24
"LM","M","C","24","4",2017,"herbs",27
"LM","M","C","67","4",2017,"herbs",23
"LM","M","C","9","4",2017,"herbs",20
"LM","M","C","10","5",2017,"herbs",20
"LM","M","C","78","5",2017,"herbs",24
"LM","M","C","83","5",2017,"herbs",24
"LM","M","C","85","6",2017,"herbs",27
"LM","M","C","84","6",2017,"herbs",20
"LM","M","C","13","6",2017,"herbs",30
"LM","M","C","63","7",2017,"herbs",30
"LM","M","C","99","7",2017,"herbs",24
"LM","M","C","24","7",2017,"herbs",28
"LM","M","C","53","8",2017,"herbs",18
"LM","M","C","42","8",2017,"herbs",21
"LM","M","C","16","8",2017,"herbs",21
"VP","P","A","85","1",2017,"herbs",1
"VP","P","A","35","1",2017,"herbs",9
"VP","P","A","20","1",2017,"herbs",7
"VP","P","A","53","2",2017,"herbs",11
"VP","P","A","6","2",2017,"herbs",14
"VP","P","A","59","2",2017,"herbs",3
"VP","P","A","3","3",2017,"herbs",12
"VP","P","A","88","3",2017,"herbs",1
"VP","P","A","73","3",2017,"herbs",9
"VP","P","A","19","4",2017,"herbs",11
"VP","P","A","38","4",2017,"herbs",4
"VP","P","A","2","4",2017,"herbs",3
"VP","P","A","80","5",2017,"herbs",1
"VP","P","A","10","5",2017,"herbs",3
"VP","P","A","29","5",2017,"herbs",1
"VP","P","A","48","6",2017,"herbs",1
"VP","P","A","86","6",2017,"herbs",3
"VP","P","A","47","6",2017,"herbs",2
"VP","P","A","17","7",2017,"herbs",9
"VP","P","A","33","7",2017,"herbs",7
"VP","P","A","24","7",2017,"herbs",3
"VP","P","A","45","8",2017,"herbs",7
"VP","P","A","91","8",2017,"herbs",3
"VP","P","A","66","8",2017,"herbs",11
"VP","P","B","44","1",2017,"herbs",15
"VP","P","B","11","1",2017,"herbs",3
"VP","P","B","91","1",2017,"herbs",12
"VP","P","B","80","2",2017,"herbs",9
"VP","P","B","29","2",2017,"herbs",3
"VP","P","B","71","2",2017,"herbs",1
"VP","P","B","82","3",2017,"herbs",4
"VP","P","B","52","3",2017,"herbs",12
"VP","P","B","7","3",2017,"herbs",14
"VP","P","B","73","4",2017,"herbs",9
"VP","P","B","65","4",2017,"herbs",12
"VP","P","B","58","4",2017,"herbs",15
"VP","P","B","28","5",2017,"herbs",17
"VP","P","B","41","5",2017,"herbs",7
"VP","P","B","14","5",2017,"herbs",12
"VP","P","B","79","6",2017,"herbs",17
"VP","P","B","3","6",2017,"herbs",7
"VP","P","B","96","6",2017,"herbs",7
"VP","P","B","99","7",2017,"herbs",14
"VP","P","B","63","7",2017,"herbs",18
"VP","P","B","2","7",2017,"herbs",11
"VP","P","B","12","8",2017,"herbs",15
"VP","P","B","31","8",2017,"herbs",14
"VP","P","B","47","8",2017,"herbs",11
"VP","P","C","51","1",2017,"herbs",14
"VP","P","C","61","1",2017,"herbs",7
"VP","P","C","54","1",2017,"herbs",3
"VP","P","C","15","2",2017,"herbs",7
"VP","P","C","8","2",2017,"herbs",7
"VP","P","C","35","2",2017,"herbs",11
"VP","P","C","74","3",2017,"herbs",7
"VP","P","C","31","3",2017,"herbs",11
"VP","P","C","47","3",2017,"herbs",7
"VP","P","C","67","4",2017,"herbs",9
"VP","P","C","24","4",2017,"herbs",7
"VP","P","C","9","4",2017,"herbs",9
"VP","P","C","78","5",2017,"herbs",7
"VP","P","C","10","5",2017,"herbs",1
"VP","P","C","83","5",2017,"herbs",3
"VP","P","C","85","6",2017,"herbs",9
"VP","P","C","13","6",2017,"herbs",17
"VP","P","C","84","6",2017,"herbs",2
"VP","P","C","50","7",2017,"herbs",14
"VP","P","C","59","7",2017,"herbs",14
"VP","P","C","98","7",2017,"herbs",11
"VP","P","C","53","8",2017,"herbs",7
"VP","P","C","16","8",2017,"herbs",12
"VP","P","C","42","8",2017,"herbs",7
"HP","P","A","20","1",2017,"sedges",3
"HP","P","A","35","1",2017,"sedges",3
"HP","P","A","85","1",2017,"sedges",21
"HP","P","A","53","2",2017,"sedges",11
"HP","P","A","6","2",2017,"sedges",21
"HP","P","A","59","2",2017,"sedges",19
"HP","P","A","73","3",2017,"sedges",4
"HP","P","A","3","3",2017,"sedges",20
"HP","P","A","88","3",2017,"sedges",7
"HP","P","A","2","4",2017,"sedges",8
"HP","P","A","19","4",2017,"sedges",17
"HP","P","A","38","4",2017,"sedges",8
"HP","P","A","29","5",2017,"sedges",11
"HP","P","A",NA,"5",2017,"sedges",12
"HP","P","A","10","5",2017,"sedges",6
"HP","P","A","86","6",2017,"sedges",11
"HP","P","A","48","6",2017,"sedges",11
"HP","P","A","47","6",2017,"sedges",11
"HP","P","A","17","7",2017,"sedges",19
"HP","P","A","24","7",2017,"sedges",21
"HP","P","A","33","7",2017,"sedges",10
"HP","P","A","66","8",2017,"sedges",10
"HP","P","A","45","8",2017,"sedges",19
"HP","P","A","91","8",2017,"sedges",1
"HP","P","B","44","1",2017,"sedges",17
"HP","P","B","91","1",2017,"sedges",23
"HP","P","B","11","1",2017,"sedges",11
"HP","P","B","29","2",2017,"sedges",19
"HP","P","B","71","2",2017,"sedges",20
"HP","P","B","80","2",2017,"sedges",13
"HP","P","B","52","3",2017,"sedges",13
"HP","P","B","82","3",2017,"sedges",19
"HP","P","B","7","3",2017,"sedges",19
"HP","P","B","65","4",2017,"sedges",10
"HP","P","B","73","4",2017,"sedges",13
"HP","P","B","58","4",2017,"sedges",19
"HP","P","B","14","5",2017,"sedges",10
"HP","P","B","28","5",2017,"sedges",21
"HP","P","B","41","5",2017,"sedges",19
"HP","P","B","96","6",2017,"sedges",19
"HP","P","B","79","6",2017,"sedges",10
"HP","P","B","3","6",2017,"sedges",19
"HP","P","B","24","7",2017,"sedges",10
"HP","P","B","99","7",2017,"sedges",17
"HP","P","B","63","7",2017,"sedges",3
"HP","P","B","31","8",2017,"sedges",3
"HP","P","B","12","8",2017,"sedges",3
"HP","P","B","47","8",2017,"sedges",16
"HP","P","C","54","1",2017,"sedges",19
"HP","P","C","51","1",2017,"sedges",17
"HP","P","C","61","1",2017,"sedges",13
"HP","P","C","15","2",2017,"sedges",19
"HP","P","C","35","2",2017,"sedges",19
"HP","P","C","8","2",2017,"sedges",21
"HP","P","C","47","3",2017,"sedges",19
"HP","P","C","74","3",2017,"sedges",19
"HP","P","C","31","3",2017,"sedges",19
"HP","P","C","9","4",2017,"sedges",19
"HP","P","C","24","4",2017,"sedges",3
"HP","P","C","67","4",2017,"sedges",21
"HP","P","C","83","5",2017,"sedges",19
"HP","P","C","10","5",2017,"sedges",19
"HP","P","C","78","5",2017,"sedges",17
"HP","P","C","84","6",2017,"sedges",21
"HP","P","C","85","6",2017,"sedges",21
"HP","P","C","13","6",2017,"sedges",3
"HP","P","C","59","7",2017,"sedges",3
"HP","P","C","98","7",2017,"sedges",4
"HP","P","C","50","7",2017,"sedges",12
"HP","P","C","42","8",2017,"sedges",3
"HP","P","C","53","8",2017,"sedges",21
"HP","P","C","16","8",2017,"sedges",6
"HM","M","A","20","1",2017,"sedges",3
"HM","M","A","85","1",2017,"sedges",19
"HM","M","A","35","1",2017,"sedges",19
"HM","M","A","53","2",2017,"sedges",10
"HM","M","A","59","2",2017,"sedges",19
"HM","M","A","6","2",2017,"sedges",2
"HM","M","A","3","3",2017,"sedges",19
"HM","M","A","88","3",2017,"sedges",10
"HM","M","A","73","3",2017,"sedges",19
"HM","M","A","19","4",2017,"sedges",10
"HM","M","A","2","4",2017,"sedges",21
"HM","M","A","38","4",2017,"sedges",19
"HM","M","A","29","5",2017,"sedges",2
"HM","M","A","80","5",2017,"sedges",3
"HM","M","A","10","5",2017,"sedges",2
"HM","M","A","48","6",2017,"sedges",3
"HM","M","A","47","6",2017,"sedges",22
"HM","M","A","86","6",2017,"sedges",19
"HM","M","A","24","7",2017,"sedges",20
"HM","M","A","17","7",2017,"sedges",19
"HM","M","A","33","7",2017,"sedges",3
"HM","M","A","66","8",2017,"sedges",10
"HM","M","A","45","8",2017,"sedges",19
"HM","M","A","91","8",2017,"sedges",19
"HM","M","B","11","1",2017,"sedges",5
"HM","M","B","91","1",2017,"sedges",2
"HM","M","B","44","1",2017,"sedges",10
"HM","M","B","29","2",2017,"sedges",19
"HM","M","B","71","2",2017,"sedges",3
"HM","M","B","80","2",2017,"sedges",19
"HM","M","B","52","3",2017,"sedges",3
"HM","M","B","82","3",2017,"sedges",8
"HM","M","B","7","3",2017,"sedges",NA
"HM","M","B","58","4",2017,"sedges",3
"HM","M","B","73","4",2017,"sedges",3
"HM","M","B","65","4",2017,"sedges",2
"HM","M","B","14","5",2017,"sedges",19
"HM","M","B","41","5",2017,"sedges",19
"HM","M","B","28","5",2017,"sedges",2
"HM","M","B","96","6",2017,"sedges",3
"HM","M","B","3","6",2017,"sedges",20
"HM","M","B","79","6",2017,"sedges",11
"HM","M","B","24","7",2017,"sedges",20
"HM","M","B","99","7",2017,"sedges",20
"HM","M","B","63","7",2017,"sedges",2
"HM","M","B","47","8",2017,"sedges",19
"HM","M","B","12","8",2017,"sedges",2
"HM","M","B","31","8",2017,"sedges",3
"HM","M","C","51","1",2017,"sedges",19
"HM","M","C","61","1",2017,"sedges",3
"HM","M","C","54","1",2017,"sedges",3
"HM","M","C","8","2",2017,"sedges",2
"HM","M","C","15","2",2017,"sedges",3
"HM","M","C","35","2",2017,"sedges",3
"HM","M","C","47","3",2017,"sedges",21
"HM","M","C","31","3",2017,"sedges",2
"HM","M","C","74","3",2017,"sedges",NA
"HM","M","C","24","4",2017,"sedges",2
"HM","M","C","67","4",2017,"sedges",2
"HM","M","C","9","4",2017,"sedges",2
"HM","M","C","83","5",2017,"sedges",21
"HM","M","C","78","5",2017,"sedges",21
"HM","M","C","10","5",2017,"sedges",22
"HM","M","C","84","6",2017,"sedges",19
"HM","M","C","85","6",2017,"sedges",20
"HM","M","C","13","6",2017,"sedges",19
"HM","M","C","59","7",2017,"sedges",19
"HM","M","C","50","7",2017,"sedges",2
"HM","M","C","98","7",2017,"sedges",2
"HM","M","C","53","8",2017,"sedges",NA
"HM","M","C","42","8",2017,"sedges",2
"HM","M","C","16","8",2017,"sedges",19
"LM","M","A","35","1",2017,"sedges",2
"LM","M","A","20","1",2017,"sedges",1
"LM","M","A","85","1",2017,"sedges",2
"LM","M","A","59","2",2017,"sedges",10
"LM","M","A","53","2",2017,"sedges",1
"LM","M","A","6","2",2017,"sedges",13
"LM","M","A","88","3",2017,"sedges",1
"LM","M","A","3","3",2017,"sedges",10
"LM","M","A","73","3",2017,"sedges",2
"LM","M","A","19","4",2017,"sedges",1
"LM","M","A","2","4",2017,"sedges",19
"LM","M","A","38","4",2017,"sedges",1
"LM","M","A","10","5",2017,"sedges",NA
"LM","M","A","80","5",2017,"sedges",1
"LM","M","A","29","5",2017,"sedges",10
"LM","M","A","86","6",2017,"sedges",2
"LM","M","A","47","6",2017,"sedges",2
"LM","M","A","48","6",2017,"sedges",2
"LM","M","A","24","7",2017,"sedges",NA
"LM","M","A","33","7",2017,"sedges",2
"LM","M","A","17","7",2017,"sedges",13
"LM","M","A","91","8",2017,"sedges",2
"LM","M","A","45","8",2017,"sedges",19
"LM","M","A","66","8",2017,"sedges",2
"LM","M","B","44","1",2017,"sedges",2
"LM","M","B","91","1",2017,"sedges",1
"LM","M","B","11","1",2017,"sedges",10
"LM","M","B","71","2",2017,"sedges",13
"LM","M","B","80","2",2017,"sedges",10
"LM","M","B","29","2",2017,"sedges",10
"LM","M","B","52","3",2017,"sedges",1
"LM","M","B","82","3",2017,"sedges",19
"LM","M","B","7","3",2017,"sedges",1
"LM","M","B","73","4",2017,"sedges",19
"LM","M","B","58","4",2017,"sedges",2
"LM","M","B","65","4",2017,"sedges",1
"LM","M","B","41","5",2017,"sedges",10
"LM","M","B","14","5",2017,"sedges",1
"LM","M","B","28","5",2017,"sedges",1
"LM","M","B","79","6",2017,"sedges",NA
"LM","M","B","3","6",2017,"sedges",2
"LM","M","B","96","6",2017,"sedges",2
"LM","M","B","50","7",2017,"sedges",1
"LM","M","B","59","7",2017,"sedges",1
"LM","M","B","98","7",2017,"sedges",19
"LM","M","B","31","8",2017,"sedges",1
"LM","M","B","12","8",2017,"sedges",1
"LM","M","B","47","8",2017,"sedges",2
"LM","M","C","51","1",2017,"sedges",10
"LM","M","C","61","1",2017,"sedges",2
"LM","M","C","54","1",2017,"sedges",10
"LM","M","C","8","2",2017,"sedges",NA
"LM","M","C","15","2",2017,"sedges",1
"LM","M","C","35","2",2017,"sedges",1
"LM","M","C","31","3",2017,"sedges",NA
"LM","M","C","47","3",2017,"sedges",2
"LM","M","C","74","3",2017,"sedges",1
"LM","M","C","24","4",2017,"sedges",1
"LM","M","C","67","4",2017,"sedges",NA
"LM","M","C","9","4",2017,"sedges",NA
"LM","M","C","10","5",2017,"sedges",13
"LM","M","C","78","5",2017,"sedges",1
"LM","M","C","83","5",2017,"sedges",1
"LM","M","C","85","6",2017,"sedges",1
"LM","M","C","84","6",2017,"sedges",19
"LM","M","C","13","6",2017,"sedges",2
"LM","M","C","63","7",2017,"sedges",1
"LM","M","C","99","7",2017,"sedges",19
"LM","M","C","24","7",2017,"sedges",19
"LM","M","C","53","8",2017,"sedges",3
"LM","M","C","42","8",2017,"sedges",2
"LM","M","C","16","8",2017,"sedges",NA
"VP","P","A","85","1",2017,"sedges",18
"VP","P","A","35","1",2017,"sedges",14
"VP","P","A","20","1",2017,"sedges",22
"VP","P","A","53","2",2017,"sedges",14
"VP","P","A","6","2",2017,"sedges",14
"VP","P","A","59","2",2017,"sedges",22
"VP","P","A","3","3",2017,"sedges",18
"VP","P","A","88","3",2017,"sedges",11
"VP","P","A","73","3",2017,"sedges",20
"VP","P","A","19","4",2017,"sedges",4
"VP","P","A","38","4",2017,"sedges",20
"VP","P","A","2","4",2017,"sedges",20
"VP","P","A","80","5",2017,"sedges",7
"VP","P","A","10","5",2017,"sedges",2
"VP","P","A","29","5",2017,"sedges",10
"VP","P","A","48","6",2017,"sedges",1
"VP","P","A","86","6",2017,"sedges",19
"VP","P","A","47","6",2017,"sedges",2
"VP","P","A","17","7",2017,"sedges",22
"VP","P","A","33","7",2017,"sedges",19
"VP","P","A","24","7",2017,"sedges",23
"VP","P","A","45","8",2017,"sedges",19
"VP","P","A","91","8",2017,"sedges",8
"VP","P","A","66","8",2017,"sedges",23
"VP","P","B","44","1",2017,"sedges",22
"VP","P","B","11","1",2017,"sedges",21
"VP","P","B","91","1",2017,"sedges",8
"VP","P","B","80","2",2017,"sedges",19
"VP","P","B","29","2",2017,"sedges",21
"VP","P","B","71","2",2017,"sedges",13
"VP","P","B","82","3",2017,"sedges",20
"VP","P","B","52","3",2017,"sedges",4
"VP","P","B","7","3",2017,"sedges",2
"VP","P","B","73","4",2017,"sedges",22
"VP","P","B","65","4",2017,"sedges",22
"VP","P","B","58","4",2017,"sedges",20
"VP","P","B","28","5",2017,"sedges",8
"VP","P","B","41","5",2017,"sedges",8
"VP","P","B","14","5",2017,"sedges",8
"VP","P","B","79","6",2017,"sedges",6
"VP","P","B","3","6",2017,"sedges",2
"VP","P","B","96","6",2017,"sedges",2
"VP","P","B","99","7",2017,"sedges",1
"VP","P","B","63","7",2017,"sedges",3
"VP","P","B","2","7",2017,"sedges",19
"VP","P","B","12","8",2017,"sedges",23
"VP","P","B","31","8",2017,"sedges",20
"VP","P","B","47","8",2017,"sedges",11
"VP","P","C","51","1",2017,"sedges",8
"VP","P","C","61","1",2017,"sedges",9
"VP","P","C","54","1",2017,"sedges",15
"VP","P","C","15","2",2017,"sedges",3
"VP","P","C","8","2",2017,"sedges",6
"VP","P","C","35","2",2017,"sedges",6
"VP","P","C","74","3",2017,"sedges",23
"VP","P","C","31","3",2017,"sedges",11
"VP","P","C","47","3",2017,"sedges",5
"VP","P","C","67","4",2017,"sedges",17
"VP","P","C","24","4",2017,"sedges",8
"VP","P","C","9","4",2017,"sedges",1
"VP","P","C","78","5",2017,"sedges",21
"VP","P","C","10","5",2017,"sedges",4
"VP","P","C","83","5",2017,"sedges",3
"VP","P","C","85","6",2017,"sedges",22
"VP","P","C","13","6",2017,"sedges",22
"VP","P","C","84","6",2017,"sedges",2
"VP","P","C","50","7",2017,"sedges",6
"VP","P","C","59","7",2017,"sedges",19
"VP","P","C","98","7",2017,"sedges",18
"VP","P","C","53","8",2017,"sedges",2
"VP","P","C","16","8",2017,"sedges",19
"VP","P","C","42","8",2017,"sedges",2
"HP","P","A","20","1",2017,"bryophytes",8
"HP","P","A","35","1",2017,"bryophytes",12
"HP","P","A","85","1",2017,"bryophytes",16
"HP","P","A","53","2",2017,"bryophytes",4
"HP","P","A","6","2",2017,"bryophytes",2
"HP","P","A","59","2",2017,"bryophytes",14
"HP","P","A","73","3",2017,"bryophytes",14
"HP","P","A","3","3",2017,"bryophytes",12
"HP","P","A","88","3",2017,"bryophytes",14
"HP","P","A","2","4",2017,"bryophytes",10
"HP","P","A","19","4",2017,"bryophytes",8
"HP","P","A","38","4",2017,"bryophytes",2
"HP","P","A","29","5",2017,"bryophytes",15
"HP","P","A",NA,"5",2017,"bryophytes",15
"HP","P","A","10","5",2017,"bryophytes",7
"HP","P","A","86","6",2017,"bryophytes",2
"HP","P","A","48","6",2017,"bryophytes",2
"HP","P","A","47","6",2017,"bryophytes",5
"HP","P","A","17","7",2017,"bryophytes",7
"HP","P","A","24","7",2017,"bryophytes",3
"HP","P","A","33","7",2017,"bryophytes",4
"HP","P","A","66","8",2017,"bryophytes",16
"HP","P","A","45","8",2017,"bryophytes",19
"HP","P","A","91","8",2017,"bryophytes",7
"HP","P","B","44","1",2017,"bryophytes",4
"HP","P","B","91","1",2017,"bryophytes",8
"HP","P","B","11","1",2017,"bryophytes",19
"HP","P","B","29","2",2017,"bryophytes",9
"HP","P","B","71","2",2017,"bryophytes",4
"HP","P","B","80","2",2017,"bryophytes",3
"HP","P","B","52","3",2017,"bryophytes",10
"HP","P","B","82","3",2017,"bryophytes",1
"HP","P","B","7","3",2017,"bryophytes",17
"HP","P","B","65","4",2017,"bryophytes",14
"HP","P","B","73","4",2017,"bryophytes",6
"HP","P","B","58","4",2017,"bryophytes",14
"HP","P","B","14","5",2017,"bryophytes",6
"HP","P","B","28","5",2017,"bryophytes",9
"HP","P","B","41","5",2017,"bryophytes",6
"HP","P","B","96","6",2017,"bryophytes",9
"HP","P","B","79","6",2017,"bryophytes",6
"HP","P","B","3","6",2017,"bryophytes",14
"HP","P","B","24","7",2017,"bryophytes",10
"HP","P","B","99","7",2017,"bryophytes",7
"HP","P","B","63","7",2017,"bryophytes",17
"HP","P","B","31","8",2017,"bryophytes",13
"HP","P","B","12","8",2017,"bryophytes",10
"HP","P","B","47","8",2017,"bryophytes",7
"HP","P","C","54","1",2017,"bryophytes",6
"HP","P","C","51","1",2017,"bryophytes",8
"HP","P","C","61","1",2017,"bryophytes",7
"HP","P","C","15","2",2017,"bryophytes",2
"HP","P","C","35","2",2017,"bryophytes",14
"HP","P","C","8","2",2017,"bryophytes",12
"HP","P","C","47","3",2017,"bryophytes",8
"HP","P","C","74","3",2017,"bryophytes",20
"HP","P","C","31","3",2017,"bryophytes",16
"HP","P","C","9","4",2017,"bryophytes",9
"HP","P","C","24","4",2017,"bryophytes",14
"HP","P","C","67","4",2017,"bryophytes",2
"HP","P","C","83","5",2017,"bryophytes",14
"HP","P","C","10","5",2017,"bryophytes",7
"HP","P","C","78","5",2017,"bryophytes",6
"HP","P","C","84","6",2017,"bryophytes",2
"HP","P","C","85","6",2017,"bryophytes",11
"HP","P","C","13","6",2017,"bryophytes",18
"HP","P","C","59","7",2017,"bryophytes",2
"HP","P","C","98","7",2017,"bryophytes",12
"HP","P","C","50","7",2017,"bryophytes",10
"HP","P","C","42","8",2017,"bryophytes",12
"HP","P","C","53","8",2017,"bryophytes",10
"HP","P","C","16","8",2017,"bryophytes",8
"HM","M","A","20","1",2017,"bryophytes",NA
"HM","M","A","85","1",2017,"bryophytes",NA
"HM","M","A","35","1",2017,"bryophytes",NA
"HM","M","A","53","2",2017,"bryophytes",NA
"HM","M","A","59","2",2017,"bryophytes",NA
"HM","M","A","6","2",2017,"bryophytes",NA
"HM","M","A","3","3",2017,"bryophytes",NA
"HM","M","A","88","3",2017,"bryophytes",NA
"HM","M","A","73","3",2017,"bryophytes",NA
"HM","M","A","19","4",2017,"bryophytes",NA
"HM","M","A","2","4",2017,"bryophytes",NA
"HM","M","A","38","4",2017,"bryophytes",NA
"HM","M","A","29","5",2017,"bryophytes",NA
"HM","M","A","80","5",2017,"bryophytes",NA
"HM","M","A","10","5",2017,"bryophytes",NA
"HM","M","A","48","6",2017,"bryophytes",NA
"HM","M","A","47","6",2017,"bryophytes",NA
"HM","M","A","86","6",2017,"bryophytes",NA
"HM","M","A","24","7",2017,"bryophytes",NA
"HM","M","A","17","7",2017,"bryophytes",NA
"HM","M","A","33","7",2017,"bryophytes",NA
"HM","M","A","66","8",2017,"bryophytes",NA
"HM","M","A","45","8",2017,"bryophytes",NA
"HM","M","A","91","8",2017,"bryophytes",NA
"HM","M","B","11","1",2017,"bryophytes",NA
"HM","M","B","91","1",2017,"bryophytes",NA
"HM","M","B","44","1",2017,"bryophytes",NA
"HM","M","B","29","2",2017,"bryophytes",NA
"HM","M","B","71","2",2017,"bryophytes",NA
"HM","M","B","80","2",2017,"bryophytes",NA
"HM","M","B","52","3",2017,"bryophytes",NA
"HM","M","B","82","3",2017,"bryophytes",NA
"HM","M","B","7","3",2017,"bryophytes",NA
"HM","M","B","58","4",2017,"bryophytes",NA
"HM","M","B","73","4",2017,"bryophytes",NA
"HM","M","B","65","4",2017,"bryophytes",NA
"HM","M","B","14","5",2017,"bryophytes",NA
"HM","M","B","41","5",2017,"bryophytes",NA
"HM","M","B","28","5",2017,"bryophytes",NA
"HM","M","B","96","6",2017,"bryophytes",NA
"HM","M","B","3","6",2017,"bryophytes",NA
"HM","M","B","79","6",2017,"bryophytes",NA
"HM","M","B","24","7",2017,"bryophytes",NA
"HM","M","B","99","7",2017,"bryophytes",NA
"HM","M","B","63","7",2017,"bryophytes",NA
"HM","M","B","47","8",2017,"bryophytes",NA
"HM","M","B","12","8",2017,"bryophytes",NA
"HM","M","B","31","8",2017,"bryophytes",NA
"HM","M","C","51","1",2017,"bryophytes",NA
"HM","M","C","61","1",2017,"bryophytes",NA
"HM","M","C","54","1",2017,"bryophytes",NA
"HM","M","C","8","2",2017,"bryophytes",NA
"HM","M","C","15","2",2017,"bryophytes",NA
"HM","M","C","35","2",2017,"bryophytes",NA
"HM","M","C","47","3",2017,"bryophytes",NA
"HM","M","C","31","3",2017,"bryophytes",NA
"HM","M","C","74","3",2017,"bryophytes",NA
"HM","M","C","24","4",2017,"bryophytes",NA
"HM","M","C","67","4",2017,"bryophytes",NA
"HM","M","C","9","4",2017,"bryophytes",NA
"HM","M","C","83","5",2017,"bryophytes",NA
"HM","M","C","78","5",2017,"bryophytes",NA
"HM","M","C","10","5",2017,"bryophytes",NA
"HM","M","C","84","6",2017,"bryophytes",NA
"HM","M","C","85","6",2017,"bryophytes",NA
"HM","M","C","13","6",2017,"bryophytes",NA
"HM","M","C","59","7",2017,"bryophytes",NA
"HM","M","C","50","7",2017,"bryophytes",NA
"HM","M","C","98","7",2017,"bryophytes",NA
"HM","M","C","53","8",2017,"bryophytes",NA
"HM","M","C","42","8",2017,"bryophytes",NA
"HM","M","C","16","8",2017,"bryophytes",NA
"LM","M","A","35","1",2017,"bryophytes",NA
"LM","M","A","20","1",2017,"bryophytes",NA
"LM","M","A","85","1",2017,"bryophytes",NA
"LM","M","A","59","2",2017,"bryophytes",NA
"LM","M","A","53","2",2017,"bryophytes",NA
"LM","M","A","6","2",2017,"bryophytes",NA
"LM","M","A","88","3",2017,"bryophytes",NA
"LM","M","A","3","3",2017,"bryophytes",NA
"LM","M","A","73","3",2017,"bryophytes",NA
"LM","M","A","19","4",2017,"bryophytes",NA
"LM","M","A","2","4",2017,"bryophytes",NA
"LM","M","A","38","4",2017,"bryophytes",NA
"LM","M","A","10","5",2017,"bryophytes",NA
"LM","M","A","80","5",2017,"bryophytes",NA
"LM","M","A","29","5",2017,"bryophytes",NA
"LM","M","A","86","6",2017,"bryophytes",NA
"LM","M","A","47","6",2017,"bryophytes",NA
"LM","M","A","48","6",2017,"bryophytes",NA
"LM","M","A","24","7",2017,"bryophytes",NA
"LM","M","A","33","7",2017,"bryophytes",NA
"LM","M","A","17","7",2017,"bryophytes",NA
"LM","M","A","91","8",2017,"bryophytes",NA
"LM","M","A","45","8",2017,"bryophytes",NA
"LM","M","A","66","8",2017,"bryophytes",NA
"LM","M","B","44","1",2017,"bryophytes",NA
"LM","M","B","91","1",2017,"bryophytes",NA
"LM","M","B","11","1",2017,"bryophytes",NA
"LM","M","B","71","2",2017,"bryophytes",NA
"LM","M","B","80","2",2017,"bryophytes",NA
"LM","M","B","29","2",2017,"bryophytes",NA
"LM","M","B","52","3",2017,"bryophytes",NA
"LM","M","B","82","3",2017,"bryophytes",NA
"LM","M","B","7","3",2017,"bryophytes",NA
"LM","M","B","73","4",2017,"bryophytes",NA
"LM","M","B","58","4",2017,"bryophytes",NA
"LM","M","B","65","4",2017,"bryophytes",NA
"LM","M","B","41","5",2017,"bryophytes",NA
"LM","M","B","14","5",2017,"bryophytes",NA
"LM","M","B","28","5",2017,"bryophytes",NA
"LM","M","B","79","6",2017,"bryophytes",NA
"LM","M","B","3","6",2017,"bryophytes",NA
"LM","M","B","96","6",2017,"bryophytes",NA
"LM","M","B","50","7",2017,"bryophytes",NA
"LM","M","B","59","7",2017,"bryophytes",NA
"LM","M","B","98","7",2017,"bryophytes",NA
"LM","M","B","31","8",2017,"bryophytes",NA
"LM","M","B","12","8",2017,"bryophytes",NA
"LM","M","B","47","8",2017,"bryophytes",NA
"LM","M","C","51","1",2017,"bryophytes",NA
"LM","M","C","61","1",2017,"bryophytes",NA
"LM","M","C","54","1",2017,"bryophytes",NA
"LM","M","C","8","2",2017,"bryophytes",NA
"LM","M","C","15","2",2017,"bryophytes",NA
"LM","M","C","35","2",2017,"bryophytes",NA
"LM","M","C","31","3",2017,"bryophytes",NA
"LM","M","C","47","3",2017,"bryophytes",NA
"LM","M","C","74","3",2017,"bryophytes",NA
"LM","M","C","24","4",2017,"bryophytes",NA
"LM","M","C","67","4",2017,"bryophytes",NA
"LM","M","C","9","4",2017,"bryophytes",NA
"LM","M","C","10","5",2017,"bryophytes",NA
"LM","M","C","78","5",2017,"bryophytes",NA
"LM","M","C","83","5",2017,"bryophytes",NA
"LM","M","C","85","6",2017,"bryophytes",NA
"LM","M","C","84","6",2017,"bryophytes",NA
"LM","M","C","13","6",2017,"bryophytes",NA
"LM","M","C","63","7",2017,"bryophytes",NA
"LM","M","C","99","7",2017,"bryophytes",NA
"LM","M","C","24","7",2017,"bryophytes",NA
"LM","M","C","53","8",2017,"bryophytes",NA
"LM","M","C","42","8",2017,"bryophytes",NA
"LM","M","C","16","8",2017,"bryophytes",NA
"VP","P","A","85","1",2017,"bryophytes",NA
"VP","P","A","35","1",2017,"bryophytes",NA
"VP","P","A","20","1",2017,"bryophytes",NA
"VP","P","A","53","2",2017,"bryophytes",NA
"VP","P","A","6","2",2017,"bryophytes",NA
"VP","P","A","59","2",2017,"bryophytes",NA
"VP","P","A","3","3",2017,"bryophytes",NA
"VP","P","A","88","3",2017,"bryophytes",NA
"VP","P","A","73","3",2017,"bryophytes",NA
"VP","P","A","19","4",2017,"bryophytes",NA
"VP","P","A","38","4",2017,"bryophytes",NA
"VP","P","A","2","4",2017,"bryophytes",NA
"VP","P","A","80","5",2017,"bryophytes",NA
"VP","P","A","10","5",2017,"bryophytes",NA
"VP","P","A","29","5",2017,"bryophytes",NA
"VP","P","A","48","6",2017,"bryophytes",NA
"VP","P","A","86","6",2017,"bryophytes",NA
"VP","P","A","47","6",2017,"bryophytes",NA
"VP","P","A","17","7",2017,"bryophytes",NA
"VP","P","A","33","7",2017,"bryophytes",NA
"VP","P","A","24","7",2017,"bryophytes",NA
"VP","P","A","45","8",2017,"bryophytes",NA
"VP","P","A","91","8",2017,"bryophytes",NA
"VP","P","A","66","8",2017,"bryophytes",NA
"VP","P","B","44","1",2017,"bryophytes",NA
"VP","P","B","11","1",2017,"bryophytes",NA
"VP","P","B","91","1",2017,"bryophytes",NA
"VP","P","B","80","2",2017,"bryophytes",NA
"VP","P","B","29","2",2017,"bryophytes",NA
"VP","P","B","71","2",2017,"bryophytes",NA
"VP","P","B","82","3",2017,"bryophytes",NA
"VP","P","B","52","3",2017,"bryophytes",NA
"VP","P","B","7","3",2017,"bryophytes",NA
"VP","P","B","73","4",2017,"bryophytes",NA
"VP","P","B","65","4",2017,"bryophytes",NA
"VP","P","B","58","4",2017,"bryophytes",NA
"VP","P","B","28","5",2017,"bryophytes",NA
"VP","P","B","41","5",2017,"bryophytes",NA
"VP","P","B","14","5",2017,"bryophytes",NA
"VP","P","B","79","6",2017,"bryophytes",NA
"VP","P","B","3","6",2017,"bryophytes",NA
"VP","P","B","96","6",2017,"bryophytes",NA
"VP","P","B","99","7",2017,"bryophytes",NA
"VP","P","B","63","7",2017,"bryophytes",NA
"VP","P","B","2","7",2017,"bryophytes",NA
"VP","P","B","12","8",2017,"bryophytes",NA
"VP","P","B","31","8",2017,"bryophytes",NA
"VP","P","B","47","8",2017,"bryophytes",NA
"VP","P","C","51","1",2017,"bryophytes",NA
"VP","P","C","61","1",2017,"bryophytes",NA
"VP","P","C","54","1",2017,"bryophytes",NA
"VP","P","C","15","2",2017,"bryophytes",NA
"VP","P","C","8","2",2017,"bryophytes",NA
"VP","P","C","35","2",2017,"bryophytes",NA
"VP","P","C","74","3",2017,"bryophytes",NA
"VP","P","C","31","3",2017,"bryophytes",NA
"VP","P","C","47","3",2017,"bryophytes",NA
"VP","P","C","67","4",2017,"bryophytes",NA
"VP","P","C","24","4",2017,"bryophytes",NA
"VP","P","C","9","4",2017,"bryophytes",NA
"VP","P","C","78","5",2017,"bryophytes",NA
"VP","P","C","10","5",2017,"bryophytes",NA
"VP","P","C","83","5",2017,"bryophytes",NA
"VP","P","C","85","6",2017,"bryophytes",NA
"VP","P","C","13","6",2017,"bryophytes",NA
"VP","P","C","84","6",2017,"bryophytes",NA
"VP","P","C","50","7",2017,"bryophytes",NA
"VP","P","C","59","7",2017,"bryophytes",NA
"VP","P","C","98","7",2017,"bryophytes",NA
"VP","P","C","53","8",2017,"bryophytes",NA
"VP","P","C","16","8",2017,"bryophytes",NA
"VP","P","C","42","8",2017,"bryophytes",NA
"HP","P","A","20","1",2017,"litter",2
"HP","P","A","35","1",2017,"litter",2
"HP","P","A","85","1",2017,"litter",1
"HP","P","A","53","2",2017,"litter",1
"HP","P","A","6","2",2017,"litter",1
"HP","P","A","59","2",2017,"litter",1
"HP","P","A","73","3",2017,"litter",10
"HP","P","A","3","3",2017,"litter",11
"HP","P","A","88","3",2017,"litter",10
"HP","P","A","2","4",2017,"litter",7
"HP","P","A","19","4",2017,"litter",5
"HP","P","A","38","4",2017,"litter",10
"HP","P","A","29","5",2017,"litter",2
"HP","P","A",NA,"5",2017,"litter",1
"HP","P","A","10","5",2017,"litter",2
"HP","P","A","86","6",2017,"litter",2
"HP","P","A","48","6",2017,"litter",2
"HP","P","A","47","6",2017,"litter",2
"HP","P","A","17","7",2017,"litter",10
"HP","P","A","24","7",2017,"litter",4
"HP","P","A","33","7",2017,"litter",10
"HP","P","A","66","8",2017,"litter",2
"HP","P","A","45","8",2017,"litter",2
"HP","P","A","91","8",2017,"litter",5
"HP","P","B","44","1",2017,"litter",2
"HP","P","B","91","1",2017,"litter",2
"HP","P","B","11","1",2017,"litter",2
"HP","P","B","29","2",2017,"litter",1
"HP","P","B","71","2",2017,"litter",2
"HP","P","B","80","2",2017,"litter",7
"HP","P","B","52","3",2017,"litter",2
"HP","P","B","82","3",2017,"litter",1
"HP","P","B","7","3",2017,"litter",5
"HP","P","B","65","4",2017,"litter",1
"HP","P","B","73","4",2017,"litter",10
"HP","P","B","58","4",2017,"litter",3
"HP","P","B","14","5",2017,"litter",2
"HP","P","B","28","5",2017,"litter",2
"HP","P","B","41","5",2017,"litter",7
"HP","P","B","96","6",2017,"litter",5
"HP","P","B","79","6",2017,"litter",9
"HP","P","B","3","6",2017,"litter",2
"HP","P","B","24","7",2017,"litter",1
"HP","P","B","99","7",2017,"litter",1
"HP","P","B","63","7",2017,"litter",1
"HP","P","B","31","8",2017,"litter",2
"HP","P","B","12","8",2017,"litter",5
"HP","P","B","47","8",2017,"litter",1
"HP","P","C","54","1",2017,"litter",1
"HP","P","C","51","1",2017,"litter",13
"HP","P","C","61","1",2017,"litter",7
"HP","P","C","15","2",2017,"litter",11
"HP","P","C","35","2",2017,"litter",9
"HP","P","C","8","2",2017,"litter",12
"HP","P","C","47","3",2017,"litter",2
"HP","P","C","74","3",2017,"litter",1
"HP","P","C","31","3",2017,"litter",1
"HP","P","C","9","4",2017,"litter",1
"HP","P","C","24","4",2017,"litter",2
"HP","P","C","67","4",2017,"litter",2
"HP","P","C","83","5",2017,"litter",7
"HP","P","C","10","5",2017,"litter",2
"HP","P","C","78","5",2017,"litter",2
"HP","P","C","84","6",2017,"litter",1
"HP","P","C","85","6",2017,"litter",1
"HP","P","C","13","6",2017,"litter",1
"HP","P","C","59","7",2017,"litter",1
"HP","P","C","98","7",2017,"litter",1
"HP","P","C","50","7",2017,"litter",5
"HP","P","C","42","8",2017,"litter",1
"HP","P","C","53","8",2017,"litter",1
"HP","P","C","16","8",2017,"litter",2
"HM","M","A","20","1",2017,"litter",1
"HM","M","A","85","1",2017,"litter",1
"HM","M","A","35","1",2017,"litter",1
"HM","M","A","53","2",2017,"litter",1
"HM","M","A","59","2",2017,"litter",1
"HM","M","A","6","2",2017,"litter",1
"HM","M","A","3","3",2017,"litter",1
"HM","M","A","88","3",2017,"litter",1
"HM","M","A","73","3",2017,"litter",1
"HM","M","A","19","4",2017,"litter",1
"HM","M","A","2","4",2017,"litter",1
"HM","M","A","38","4",2017,"litter",NA
"HM","M","A","29","5",2017,"litter",NA
"HM","M","A","80","5",2017,"litter",1
"HM","M","A","10","5",2017,"litter",1
"HM","M","A","48","6",2017,"litter",1
"HM","M","A","47","6",2017,"litter",1
"HM","M","A","86","6",2017,"litter",1
"HM","M","A","24","7",2017,"litter",1
"HM","M","A","17","7",2017,"litter",1
"HM","M","A","33","7",2017,"litter",1
"HM","M","A","66","8",2017,"litter",1
"HM","M","A","45","8",2017,"litter",1
"HM","M","A","91","8",2017,"litter",1
"HM","M","B","11","1",2017,"litter",1
"HM","M","B","91","1",2017,"litter",1
"HM","M","B","44","1",2017,"litter",1
"HM","M","B","29","2",2017,"litter",1
"HM","M","B","71","2",2017,"litter",1
"HM","M","B","80","2",2017,"litter",1
"HM","M","B","52","3",2017,"litter",1
"HM","M","B","82","3",2017,"litter",1
"HM","M","B","7","3",2017,"litter",NA
"HM","M","B","58","4",2017,"litter",1
"HM","M","B","73","4",2017,"litter",1
"HM","M","B","65","4",2017,"litter",1
"HM","M","B","14","5",2017,"litter",1
"HM","M","B","41","5",2017,"litter",1
"HM","M","B","28","5",2017,"litter",1
"HM","M","B","96","6",2017,"litter",1
"HM","M","B","3","6",2017,"litter",1
"HM","M","B","79","6",2017,"litter",1
"HM","M","B","24","7",2017,"litter",1
"HM","M","B","99","7",2017,"litter",1
"HM","M","B","63","7",2017,"litter",NA
"HM","M","B","47","8",2017,"litter",1
"HM","M","B","12","8",2017,"litter",1
"HM","M","B","31","8",2017,"litter",1
"HM","M","C","51","1",2017,"litter",1
"HM","M","C","61","1",2017,"litter",1
"HM","M","C","54","1",2017,"litter",1
"HM","M","C","8","2",2017,"litter",1
"HM","M","C","15","2",2017,"litter",1
"HM","M","C","35","2",2017,"litter",1
"HM","M","C","47","3",2017,"litter",1
"HM","M","C","31","3",2017,"litter",1
"HM","M","C","74","3",2017,"litter",1
"HM","M","C","24","4",2017,"litter",1
"HM","M","C","67","4",2017,"litter",1
"HM","M","C","9","4",2017,"litter",NA
"HM","M","C","83","5",2017,"litter",1
"HM","M","C","78","5",2017,"litter",1
"HM","M","C","10","5",2017,"litter",1
"HM","M","C","84","6",2017,"litter",1
"HM","M","C","85","6",2017,"litter",1
"HM","M","C","13","6",2017,"litter",1
"HM","M","C","59","7",2017,"litter",1
"HM","M","C","50","7",2017,"litter",1
"HM","M","C","98","7",2017,"litter",NA
"HM","M","C","53","8",2017,"litter",NA
"HM","M","C","42","8",2017,"litter",1
"HM","M","C","16","8",2017,"litter",1
"LM","M","A","35","1",2017,"litter",1
"LM","M","A","20","1",2017,"litter",1
"LM","M","A","85","1",2017,"litter",1
"LM","M","A","59","2",2017,"litter",1
"LM","M","A","53","2",2017,"litter",1
"LM","M","A","6","2",2017,"litter",1
"LM","M","A","88","3",2017,"litter",1
"LM","M","A","3","3",2017,"litter",1
"LM","M","A","73","3",2017,"litter",1
"LM","M","A","19","4",2017,"litter",1
"LM","M","A","2","4",2017,"litter",1
"LM","M","A","38","4",2017,"litter",1
"LM","M","A","10","5",2017,"litter",1
"LM","M","A","80","5",2017,"litter",1
"LM","M","A","29","5",2017,"litter",1
"LM","M","A","86","6",2017,"litter",1
"LM","M","A","47","6",2017,"litter",1
"LM","M","A","48","6",2017,"litter",1
"LM","M","A","24","7",2017,"litter",1
"LM","M","A","33","7",2017,"litter",1
"LM","M","A","17","7",2017,"litter",1
"LM","M","A","91","8",2017,"litter",1
"LM","M","A","45","8",2017,"litter",1
"LM","M","A","66","8",2017,"litter",1
"LM","M","B","44","1",2017,"litter",1
"LM","M","B","91","1",2017,"litter",1
"LM","M","B","11","1",2017,"litter",1
"LM","M","B","71","2",2017,"litter",1
"LM","M","B","80","2",2017,"litter",1
"LM","M","B","29","2",2017,"litter",1
"LM","M","B","52","3",2017,"litter",1
"LM","M","B","82","3",2017,"litter",1
"LM","M","B","7","3",2017,"litter",1
"LM","M","B","73","4",2017,"litter",1
"LM","M","B","58","4",2017,"litter",1
"LM","M","B","65","4",2017,"litter",1
"LM","M","B","41","5",2017,"litter",1
"LM","M","B","14","5",2017,"litter",1
"LM","M","B","28","5",2017,"litter",1
"LM","M","B","79","6",2017,"litter",1
"LM","M","B","3","6",2017,"litter",1
"LM","M","B","96","6",2017,"litter",1
"LM","M","B","50","7",2017,"litter",1
"LM","M","B","59","7",2017,"litter",1
"LM","M","B","98","7",2017,"litter",NA
"LM","M","B","31","8",2017,"litter",1
"LM","M","B","12","8",2017,"litter",1
"LM","M","B","47","8",2017,"litter",1
"LM","M","C","51","1",2017,"litter",1
"LM","M","C","61","1",2017,"litter",1
"LM","M","C","54","1",2017,"litter",1
"LM","M","C","8","2",2017,"litter",1
"LM","M","C","15","2",2017,"litter",1
"LM","M","C","35","2",2017,"litter",1
"LM","M","C","31","3",2017,"litter",1
"LM","M","C","47","3",2017,"litter",1
"LM","M","C","74","3",2017,"litter",1
"LM","M","C","24","4",2017,"litter",1
"LM","M","C","67","4",2017,"litter",NA
"LM","M","C","9","4",2017,"litter",NA
"LM","M","C","10","5",2017,"litter",1
"LM","M","C","78","5",2017,"litter",1
"LM","M","C","83","5",2017,"litter",1
"LM","M","C","85","6",2017,"litter",1
"LM","M","C","84","6",2017,"litter",NA
"LM","M","C","13","6",2017,"litter",1
"LM","M","C","63","7",2017,"litter",1
"LM","M","C","99","7",2017,"litter",1
"LM","M","C","24","7",2017,"litter",1
"LM","M","C","53","8",2017,"litter",1
"LM","M","C","42","8",2017,"litter",1
"LM","M","C","16","8",2017,"litter",1
"VP","P","A","85","1",2017,"litter",2
"VP","P","A","35","1",2017,"litter",1
"VP","P","A","20","1",2017,"litter",1
"VP","P","A","53","2",2017,"litter",2
"VP","P","A","6","2",2017,"litter",2
"VP","P","A","59","2",2017,"litter",1
"VP","P","A","3","3",2017,"litter",2
"VP","P","A","88","3",2017,"litter",5
"VP","P","A","73","3",2017,"litter",7
"VP","P","A","19","4",2017,"litter",5
"VP","P","A","38","4",2017,"litter",5
"VP","P","A","2","4",2017,"litter",3
"VP","P","A","80","5",2017,"litter",1
"VP","P","A","10","5",2017,"litter",9
"VP","P","A","29","5",2017,"litter",5
"VP","P","A","48","6",2017,"litter",2
"VP","P","A","86","6",2017,"litter",2
"VP","P","A","47","6",2017,"litter",1
"VP","P","A","17","7",2017,"litter",2
"VP","P","A","33","7",2017,"litter",1
"VP","P","A","24","7",2017,"litter",1
"VP","P","A","45","8",2017,"litter",5
"VP","P","A","91","8",2017,"litter",1
"VP","P","A","66","8",2017,"litter",4
"VP","P","B","44","1",2017,"litter",2
"VP","P","B","11","1",2017,"litter",1
"VP","P","B","91","1",2017,"litter",1
"VP","P","B","80","2",2017,"litter",7
"VP","P","B","29","2",2017,"litter",10
"VP","P","B","71","2",2017,"litter",8
"VP","P","B","82","3",2017,"litter",1
"VP","P","B","52","3",2017,"litter",1
"VP","P","B","7","3",2017,"litter",5
"VP","P","B","73","4",2017,"litter",5
"VP","P","B","65","4",2017,"litter",2
"VP","P","B","58","4",2017,"litter",5
"VP","P","B","28","5",2017,"litter",1
"VP","P","B","41","5",2017,"litter",1
"VP","P","B","14","5",2017,"litter",1
"VP","P","B","79","6",2017,"litter",2
"VP","P","B","3","6",2017,"litter",1
"VP","P","B","96","6",2017,"litter",5
"VP","P","B","99","7",2017,"litter",1
"VP","P","B","63","7",2017,"litter",2
"VP","P","B","2","7",2017,"litter",2
"VP","P","B","12","8",2017,"litter",1
"VP","P","B","31","8",2017,"litter",1
"VP","P","B","47","8",2017,"litter",5
"VP","P","C","51","1",2017,"litter",1
"VP","P","C","61","1",2017,"litter",7
"VP","P","C","54","1",2017,"litter",5
"VP","P","C","15","2",2017,"litter",1
"VP","P","C","8","2",2017,"litter",5
"VP","P","C","35","2",2017,"litter",2
"VP","P","C","74","3",2017,"litter",1
"VP","P","C","31","3",2017,"litter",10
"VP","P","C","47","3",2017,"litter",13
"VP","P","C","67","4",2017,"litter",1
"VP","P","C","24","4",2017,"litter",1
"VP","P","C","9","4",2017,"litter",1
"VP","P","C","78","5",2017,"litter",1
"VP","P","C","10","5",2017,"litter",5
"VP","P","C","83","5",2017,"litter",5
"VP","P","C","85","6",2017,"litter",4
"VP","P","C","13","6",2017,"litter",5
"VP","P","C","84","6",2017,"litter",6
"VP","P","C","50","7",2017,"litter",2
"VP","P","C","59","7",2017,"litter",2
"VP","P","C","98","7",2017,"litter",5
"VP","P","C","53","8",2017,"litter",2
"VP","P","C","16","8",2017,"litter",1
"VP","P","C","42","8",2017,"litter",5
"HP","P","A","20","1",2017,"bare_grd",8
"HP","P","A","35","1",2017,"bare_grd",5
"HP","P","A","85","1",2017,"bare_grd",2
"HP","P","A","53","2",2017,"bare_grd",9
"HP","P","A","6","2",2017,"bare_grd",2
"HP","P","A","59","2",2017,"bare_grd",10
"HP","P","A","73","3",2017,"bare_grd",1
"HP","P","A","3","3",2017,"bare_grd",1
"HP","P","A","88","3",2017,"bare_grd",1
"HP","P","A","2","4",2017,"bare_grd",8
"HP","P","A","19","4",2017,"bare_grd",7
"HP","P","A","38","4",2017,"bare_grd",2
"HP","P","A","29","5",2017,"bare_grd",7
"HP","P","A",NA,"5",2017,"bare_grd",5
"HP","P","A","10","5",2017,"bare_grd",3
"HP","P","A","86","6",2017,"bare_grd",11
"HP","P","A","48","6",2017,"bare_grd",9
"HP","P","A","47","6",2017,"bare_grd",5
"HP","P","A","17","7",2017,"bare_grd",2
"HP","P","A","24","7",2017,"bare_grd",7
"HP","P","A","33","7",2017,"bare_grd",1
"HP","P","A","66","8",2017,"bare_grd",2
"HP","P","A","45","8",2017,"bare_grd",5
"HP","P","A","91","8",2017,"bare_grd",1
"HP","P","B","44","1",2017,"bare_grd",7
"HP","P","B","91","1",2017,"bare_grd",12
"HP","P","B","11","1",2017,"bare_grd",9
"HP","P","B","29","2",2017,"bare_grd",7
"HP","P","B","71","2",2017,"bare_grd",5
"HP","P","B","80","2",2017,"bare_grd",5
"HP","P","B","52","3",2017,"bare_grd",9
"HP","P","B","82","3",2017,"bare_grd",3
"HP","P","B","7","3",2017,"bare_grd",7
"HP","P","B","65","4",2017,"bare_grd",1
"HP","P","B","73","4",2017,"bare_grd",1
"HP","P","B","58","4",2017,"bare_grd",1
"HP","P","B","14","5",2017,"bare_grd",2
"HP","P","B","28","5",2017,"bare_grd",2
"HP","P","B","41","5",2017,"bare_grd",5
"HP","P","B","96","6",2017,"bare_grd",5
"HP","P","B","79","6",2017,"bare_grd",1
"HP","P","B","3","6",2017,"bare_grd",1
"HP","P","B","24","7",2017,"bare_grd",5
"HP","P","B","99","7",2017,"bare_grd",8
"HP","P","B","63","7",2017,"bare_grd",2
"HP","P","B","31","8",2017,"bare_grd",7
"HP","P","B","12","8",2017,"bare_grd",2
"HP","P","B","47","8",2017,"bare_grd",7
"HP","P","C","54","1",2017,"bare_grd",1
"HP","P","C","51","1",2017,"bare_grd",1
"HP","P","C","61","1",2017,"bare_grd",1
"HP","P","C","15","2",2017,"bare_grd",1
"HP","P","C","35","2",2017,"bare_grd",2
"HP","P","C","8","2",2017,"bare_grd",2
"HP","P","C","47","3",2017,"bare_grd",7
"HP","P","C","74","3",2017,"bare_grd",9
"HP","P","C","31","3",2017,"bare_grd",7
"HP","P","C","9","4",2017,"bare_grd",7
"HP","P","C","24","4",2017,"bare_grd",2
"HP","P","C","67","4",2017,"bare_grd",2
"HP","P","C","83","5",2017,"bare_grd",1
"HP","P","C","10","5",2017,"bare_grd",2
"HP","P","C","78","5",2017,"bare_grd",2
"HP","P","C","84","6",2017,"bare_grd",7
"HP","P","C","85","6",2017,"bare_grd",7
"HP","P","C","13","6",2017,"bare_grd",10
"HP","P","C","59","7",2017,"bare_grd",6
"HP","P","C","98","7",2017,"bare_grd",5
"HP","P","C","50","7",2017,"bare_grd",9
"HP","P","C","42","8",2017,"bare_grd",5
"HP","P","C","53","8",2017,"bare_grd",7
"HP","P","C","16","8",2017,"bare_grd",5
"HM","M","A","20","1",2017,"bare_grd",1
"HM","M","A","85","1",2017,"bare_grd",1
"HM","M","A","35","1",2017,"bare_grd",1
"HM","M","A","53","2",2017,"bare_grd",1
"HM","M","A","59","2",2017,"bare_grd",1
"HM","M","A","6","2",2017,"bare_grd",1
"HM","M","A","3","3",2017,"bare_grd",1
"HM","M","A","88","3",2017,"bare_grd",1
"HM","M","A","73","3",2017,"bare_grd",1
"HM","M","A","19","4",2017,"bare_grd",1
"HM","M","A","2","4",2017,"bare_grd",1
"HM","M","A","38","4",2017,"bare_grd",NA
"HM","M","A","29","5",2017,"bare_grd",NA
"HM","M","A","80","5",2017,"bare_grd",1
"HM","M","A","10","5",2017,"bare_grd",1
"HM","M","A","48","6",2017,"bare_grd",1
"HM","M","A","47","6",2017,"bare_grd",1
"HM","M","A","86","6",2017,"bare_grd",1
"HM","M","A","24","7",2017,"bare_grd",1
"HM","M","A","17","7",2017,"bare_grd",1
"HM","M","A","33","7",2017,"bare_grd",1
"HM","M","A","66","8",2017,"bare_grd",1
"HM","M","A","45","8",2017,"bare_grd",1
"HM","M","A","91","8",2017,"bare_grd",2
"HM","M","B","11","1",2017,"bare_grd",1
"HM","M","B","91","1",2017,"bare_grd",1
"HM","M","B","44","1",2017,"bare_grd",1
"HM","M","B","29","2",2017,"bare_grd",1
"HM","M","B","71","2",2017,"bare_grd",1
"HM","M","B","80","2",2017,"bare_grd",1
"HM","M","B","52","3",2017,"bare_grd",1
"HM","M","B","82","3",2017,"bare_grd",1
"HM","M","B","7","3",2017,"bare_grd",NA
"HM","M","B","58","4",2017,"bare_grd",1
"HM","M","B","73","4",2017,"bare_grd",2
"HM","M","B","65","4",2017,"bare_grd",7
"HM","M","B","14","5",2017,"bare_grd",1
"HM","M","B","41","5",2017,"bare_grd",1
"HM","M","B","28","5",2017,"bare_grd",1
"HM","M","B","96","6",2017,"bare_grd",1
"HM","M","B","3","6",2017,"bare_grd",1
"HM","M","B","79","6",2017,"bare_grd",1
"HM","M","B","24","7",2017,"bare_grd",1
"HM","M","B","99","7",2017,"bare_grd",1
"HM","M","B","63","7",2017,"bare_grd",NA
"HM","M","B","47","8",2017,"bare_grd",1
"HM","M","B","12","8",2017,"bare_grd",1
"HM","M","B","31","8",2017,"bare_grd",1
"HM","M","C","51","1",2017,"bare_grd",2
"HM","M","C","61","1",2017,"bare_grd",1
"HM","M","C","54","1",2017,"bare_grd",1
"HM","M","C","8","2",2017,"bare_grd",1
"HM","M","C","15","2",2017,"bare_grd",1
"HM","M","C","35","2",2017,"bare_grd",1
"HM","M","C","47","3",2017,"bare_grd",1
"HM","M","C","31","3",2017,"bare_grd",1
"HM","M","C","74","3",2017,"bare_grd",2
"HM","M","C","24","4",2017,"bare_grd",1
"HM","M","C","67","4",2017,"bare_grd",1
"HM","M","C","9","4",2017,"bare_grd",NA
"HM","M","C","83","5",2017,"bare_grd",2
"HM","M","C","78","5",2017,"bare_grd",1
"HM","M","C","10","5",2017,"bare_grd",1
"HM","M","C","84","6",2017,"bare_grd",1
"HM","M","C","85","6",2017,"bare_grd",1
"HM","M","C","13","6",2017,"bare_grd",1
"HM","M","C","59","7",2017,"bare_grd",1
"HM","M","C","50","7",2017,"bare_grd",1
"HM","M","C","98","7",2017,"bare_grd",NA
"HM","M","C","53","8",2017,"bare_grd",NA
"HM","M","C","42","8",2017,"bare_grd",1
"HM","M","C","16","8",2017,"bare_grd",1
"LM","M","A","35","1",2017,"bare_grd",1
"LM","M","A","20","1",2017,"bare_grd",1
"LM","M","A","85","1",2017,"bare_grd",1
"LM","M","A","59","2",2017,"bare_grd",1
"LM","M","A","53","2",2017,"bare_grd",1
"LM","M","A","6","2",2017,"bare_grd",1
"LM","M","A","88","3",2017,"bare_grd",1
"LM","M","A","3","3",2017,"bare_grd",1
"LM","M","A","73","3",2017,"bare_grd",1
"LM","M","A","19","4",2017,"bare_grd",1
"LM","M","A","2","4",2017,"bare_grd",1
"LM","M","A","38","4",2017,"bare_grd",1
"LM","M","A","10","5",2017,"bare_grd",1
"LM","M","A","80","5",2017,"bare_grd",1
"LM","M","A","29","5",2017,"bare_grd",1
"LM","M","A","86","6",2017,"bare_grd",1
"LM","M","A","47","6",2017,"bare_grd",1
"LM","M","A","48","6",2017,"bare_grd",1
"LM","M","A","24","7",2017,"bare_grd",1
"LM","M","A","33","7",2017,"bare_grd",1
"LM","M","A","17","7",2017,"bare_grd",1
"LM","M","A","91","8",2017,"bare_grd",1
"LM","M","A","45","8",2017,"bare_grd",1
"LM","M","A","66","8",2017,"bare_grd",1
"LM","M","B","44","1",2017,"bare_grd",1
"LM","M","B","91","1",2017,"bare_grd",1
"LM","M","B","11","1",2017,"bare_grd",1
"LM","M","B","71","2",2017,"bare_grd",1
"LM","M","B","80","2",2017,"bare_grd",1
"LM","M","B","29","2",2017,"bare_grd",1
"LM","M","B","52","3",2017,"bare_grd",1
"LM","M","B","82","3",2017,"bare_grd",1
"LM","M","B","7","3",2017,"bare_grd",1
"LM","M","B","73","4",2017,"bare_grd",1
"LM","M","B","58","4",2017,"bare_grd",1
"LM","M","B","65","4",2017,"bare_grd",1
"LM","M","B","41","5",2017,"bare_grd",1
"LM","M","B","14","5",2017,"bare_grd",1
"LM","M","B","28","5",2017,"bare_grd",1
"LM","M","B","79","6",2017,"bare_grd",1
"LM","M","B","3","6",2017,"bare_grd",1
"LM","M","B","96","6",2017,"bare_grd",1
"LM","M","B","50","7",2017,"bare_grd",1
"LM","M","B","59","7",2017,"bare_grd",1
"LM","M","B","98","7",2017,"bare_grd",NA
"LM","M","B","31","8",2017,"bare_grd",1
"LM","M","B","12","8",2017,"bare_grd",1
"LM","M","B","47","8",2017,"bare_grd",1
"LM","M","C","51","1",2017,"bare_grd",1
"LM","M","C","61","1",2017,"bare_grd",1
"LM","M","C","54","1",2017,"bare_grd",1
"LM","M","C","8","2",2017,"bare_grd",1
"LM","M","C","15","2",2017,"bare_grd",1
"LM","M","C","35","2",2017,"bare_grd",1
"LM","M","C","31","3",2017,"bare_grd",1
"LM","M","C","47","3",2017,"bare_grd",1
"LM","M","C","74","3",2017,"bare_grd",1
"LM","M","C","24","4",2017,"bare_grd",1
"LM","M","C","67","4",2017,"bare_grd",NA
"LM","M","C","9","4",2017,"bare_grd",NA
"LM","M","C","10","5",2017,"bare_grd",1
"LM","M","C","78","5",2017,"bare_grd",1
"LM","M","C","83","5",2017,"bare_grd",1
"LM","M","C","85","6",2017,"bare_grd",1
"LM","M","C","84","6",2017,"bare_grd",NA
"LM","M","C","13","6",2017,"bare_grd",1
"LM","M","C","63","7",2017,"bare_grd",1
"LM","M","C","99","7",2017,"bare_grd",1
"LM","M","C","24","7",2017,"bare_grd",1
"LM","M","C","53","8",2017,"bare_grd",1
"LM","M","C","42","8",2017,"bare_grd",1
"LM","M","C","16","8",2017,"bare_grd",1
"VP","P","A","85","1",2017,"bare_grd",7
"VP","P","A","35","1",2017,"bare_grd",7
"VP","P","A","20","1",2017,"bare_grd",9
"VP","P","A","53","2",2017,"bare_grd",2
"VP","P","A","6","2",2017,"bare_grd",2
"VP","P","A","59","2",2017,"bare_grd",3
"VP","P","A","3","3",2017,"bare_grd",2
"VP","P","A","88","3",2017,"bare_grd",1
"VP","P","A","73","3",2017,"bare_grd",9
"VP","P","A","19","4",2017,"bare_grd",1
"VP","P","A","38","4",2017,"bare_grd",2
"VP","P","A","2","4",2017,"bare_grd",1
"VP","P","A","80","5",2017,"bare_grd",1
"VP","P","A","10","5",2017,"bare_grd",2
"VP","P","A","29","5",2017,"bare_grd",1
"VP","P","A","48","6",2017,"bare_grd",1
"VP","P","A","86","6",2017,"bare_grd",1
"VP","P","A","47","6",2017,"bare_grd",1
"VP","P","A","17","7",2017,"bare_grd",2
"VP","P","A","33","7",2017,"bare_grd",5
"VP","P","A","24","7",2017,"bare_grd",7
"VP","P","A","45","8",2017,"bare_grd",2
"VP","P","A","91","8",2017,"bare_grd",1
"VP","P","A","66","8",2017,"bare_grd",1
"VP","P","B","44","1",2017,"bare_grd",9
"VP","P","B","11","1",2017,"bare_grd",3
"VP","P","B","91","1",2017,"bare_grd",7
"VP","P","B","80","2",2017,"bare_grd",2
"VP","P","B","29","2",2017,"bare_grd",1
"VP","P","B","71","2",2017,"bare_grd",2
"VP","P","B","82","3",2017,"bare_grd",8
"VP","P","B","52","3",2017,"bare_grd",1
"VP","P","B","7","3",2017,"bare_grd",9
"VP","P","B","73","4",2017,"bare_grd",1
"VP","P","B","65","4",2017,"bare_grd",2
"VP","P","B","58","4",2017,"bare_grd",1
"VP","P","B","28","5",2017,"bare_grd",1
"VP","P","B","41","5",2017,"bare_grd",8
"VP","P","B","14","5",2017,"bare_grd",8
"VP","P","B","79","6",2017,"bare_grd",1
"VP","P","B","3","6",2017,"bare_grd",5
"VP","P","B","96","6",2017,"bare_grd",1
"VP","P","B","99","7",2017,"bare_grd",3
"VP","P","B","63","7",2017,"bare_grd",5
"VP","P","B","2","7",2017,"bare_grd",1
"VP","P","B","12","8",2017,"bare_grd",1
"VP","P","B","31","8",2017,"bare_grd",1
"VP","P","B","47","8",2017,"bare_grd",10
"VP","P","C","51","1",2017,"bare_grd",8
"VP","P","C","61","1",2017,"bare_grd",5
"VP","P","C","54","1",2017,"bare_grd",3
"VP","P","C","15","2",2017,"bare_grd",7
"VP","P","C","8","2",2017,"bare_grd",7
"VP","P","C","35","2",2017,"bare_grd",5
"VP","P","C","74","3",2017,"bare_grd",2
"VP","P","C","31","3",2017,"bare_grd",1
"VP","P","C","47","3",2017,"bare_grd",2
"VP","P","C","67","4",2017,"bare_grd",2
"VP","P","C","24","4",2017,"bare_grd",2
"VP","P","C","9","4",2017,"bare_grd",3
"VP","P","C","78","5",2017,"bare_grd",3
"VP","P","C","10","5",2017,"bare_grd",9
"VP","P","C","83","5",2017,"bare_grd",3
"VP","P","C","85","6",2017,"bare_grd",1
"VP","P","C","13","6",2017,"bare_grd",2
"VP","P","C","84","6",2017,"bare_grd",2
"VP","P","C","50","7",2017,"bare_grd",3
"VP","P","C","59","7",2017,"bare_grd",12
"VP","P","C","98","7",2017,"bare_grd",4
"VP","P","C","53","8",2017,"bare_grd",7
"VP","P","C","16","8",2017,"bare_grd",1
"VP","P","C","42","8",2017,"bare_grd",9
