"","uid","year","location","replicate","treat_plot","quad","type","br_grd","litter","rush","grass","herb","sedge","moss"
"1","HM.1.A.11.2016",2016,"HM","A",1,11,"meadow",1,1,3,6,23,24,NA
"2","HM.1.A.44.2016",2016,"HM","A",1,44,"meadow",1,1,21,12,17,NA,NA
"3","HM.1.A.91.2016",2016,"HM","A",1,91,"meadow",1,1,23,8,20,23,NA
"4","HM.2.A.71.2016",2016,"HM","A",2,71,"meadow",1,1,10,9,27,22,NA
"5","HM.2.A.29.2016",2016,"HM","A",2,29,"meadow",1,1,19,6,24,3,NA
"6","HM.2.A.80.2016",2016,"HM","A",2,80,"meadow",1,1,21,5,24,3,NA
"7","HM.3.A.51.2016",2016,"HM","A",3,51,"meadow",1,1,12,5,27,22,NA
"8","HM.3.A.7.2016",2016,"HM","A",3,7,"meadow",1,1,14,8,21,NA,NA
"9","HM.3.A.82.2016",2016,"HM","A",3,82,"meadow",1,1,17,5,24,22,NA
"10","HM.4.A.65.2016",2016,"HM","A",4,65,"meadow",1,1,10,9,27,NA,NA
"11","HM.4.A.58.2016",2016,"HM","A",4,58,"meadow",1,1,14,9,24,23,NA
"12","HM.4.A.73.2016",2016,"HM","A",4,73,"meadow",1,1,19,12,20,22,NA
"13","HM.5.A.28.2016",2016,"HM","A",5,28,"meadow",1,1,10,9,24,NA,NA
"14","HM.5.A.41.2016",2016,"HM","A",5,41,"meadow",1,1,6,8,27,NA,NA
"15","HM.5.A.14.2016",2016,"HM","A",5,14,"meadow",1,1,10,5,29,1,NA
"16","HM.6.A.79.2016",2016,"HM","A",6,79,"meadow",1,1,19,4,31,8,NA
"17","HM.6.A.96.2016",2016,"HM","A",6,96,"meadow",1,1,21,4,31,3,NA
"18","HM.6.A.63.2016",2016,"HM","A",6,63,"meadow",1,1,17,8,29,NA,NA
"19","HM.7.A.99.2016",2016,"HM","A",7,99,"meadow",1,1,6,8,21,NA,NA
"20","HM.7.A.24.2016",2016,"HM","A",7,24,"meadow",1,1,10,8,21,NA,NA
"21","HM.7.A.63.2016",2016,"HM","A",7,63,"meadow",1,1,10,8,21,NA,NA
"22","HM.8.A.12.2016",2016,"HM","A",8,12,"meadow",1,1,6,8,24,24,NA
"23","HM.8.A.47.2016",2016,"HM","A",8,47,"meadow",1,1,3,5,29,20,NA
"24","HM.8.A.31.2016",2016,"HM","A",8,31,"meadow",1,1,5,6,24,24,NA
"25","HM.1.B.61.2016",2016,"HM","B",1,61,"meadow",1,1,14,8,24,20,NA
"26","HM.1.B.51.2016",2016,"HM","B",1,51,"meadow",1,1,18,7,23,3,NA
"27","HM.1.B.54.2016",2016,"HM","B",1,54,"meadow",1,1,10,4,27,NA,NA
"28","HM.2.B.8.2016",2016,"HM","B",2,8,"meadow",1,1,22,4,20,8,NA
"29","HM.2.B.15.2016",2016,"HM","B",2,15,"meadow",1,1,8,5,23,13,NA
"30","HM.2.B.35.2016",2016,"HM","B",2,35,"meadow",1,1,16,11,24,5,NA
"31","HM.3.B.31.2016",2016,"HM","B",3,31,"meadow",1,1,23,12,23,3,NA
"32","HM.3.B.74.2016",2016,"HM","B",3,74,"meadow",1,1,3,12,20,22,NA
"33","HM.3.B.47.2016",2016,"HM","B",3,47,"meadow",1,1,9,6,17,17,NA
"34","HM.4.B.67.2016",2016,"HM","B",4,67,"meadow",1,1,10,11,21,16,NA
"35","HM.4.B.24.2016",2016,"HM","B",4,24,"meadow",1,1,9,13,20,13,NA
"36","HM.4.B.9.2016",2016,"HM","B",4,9,"meadow",6,1,23,12,20,2,NA
"37","HM.5.B.78.2016",2016,"HM","B",5,78,"meadow",1,1,10,5,29,3,NA
"38","HM.5.B.10.2016",2016,"HM","B",5,10,"meadow",1,1,23,6,29,24,NA
"39","HM.5.B.83.2016",2016,"HM","B",5,83,"meadow",1,1,10,9,24,3,NA
"40","HM.6.B.13.2016",2016,"HM","B",6,13,"meadow",1,1,29,5,29,3,NA
"41","HM.6.B.85.2016",2016,"HM","B",6,85,"meadow",1,1,9,6,24,3,NA
"42","HM.6.B.84.2016",2016,"HM","B",6,84,"meadow",1,1,16,6,24,3,NA
"43","HM.7.B.59.2016",2016,"HM","B",7,59,"meadow",1,1,14,9,27,22,NA
"44","HM.7.B.50.2016",2016,"HM","B",7,50,"meadow",1,1,16,11,28,3,NA
"45","HM.7.B.98.2016",2016,"HM","B",7,98,"meadow",1,1,29,13,24,25,NA
"46","HM.8.B.42.2016",2016,"HM","B",8,42,"meadow",1,1,3,12,20,8,NA
"47","HM.8.B.16.2016",2016,"HM","B",8,16,"meadow",1,1,9,12,17,13,NA
"48","HM.8.B.53.2016",2016,"HM","B",8,53,"meadow",1,1,3,15,17,22,NA
"49","HM.1.C.85.2016",2016,"HM","C",1,85,"meadow",1,1,23,3,29,22,NA
"50","HM.1.C.35.2016",2016,"HM","C",1,35,"meadow",1,1,26,3,29,3,NA
"51","HM.1.C.20.2016",2016,"HM","C",1,20,"meadow",1,1,5,8,23,3,NA
"52","HM.2.C.53.2016",2016,"HM","C",2,53,"meadow",1,1,3,4,21,13,NA
"53","HM.2.C.6.2016",2016,"HM","C",2,6,"meadow",1,1,24,9,20,5,NA
"54","HM.2.C.59.2016",2016,"HM","C",2,59,"meadow",1,1,24,8,21,23,NA
"55","HM.3.C.3.2016",2016,"HM","C",3,3,"meadow",1,1,14,3,31,22,NA
"56","HM.3.C.88.2016",2016,"HM","C",3,88,"meadow",1,1,19,8,24,20,NA
"57","HM.3.C.73.2016",2016,"HM","C",3,73,"meadow",1,1,26,6,27,22,NA
"58","HM.4.C.19.2016",2016,"HM","C",4,19,"meadow",1,1,1,11,23,8,NA
"59","HM.4.C.38.2016",2016,"HM","C",4,38,"meadow",1,1,2,8,29,3,NA
"60","HM.4.C.2.2016",2016,"HM","C",4,2,"meadow",1,1,20,12,31,22,NA
"61","HM.5.C.10.2016",2016,"HM","C",5,10,"meadow",1,1,10,4,29,5,NA
"62","HM.5.C.29.2016",2016,"HM","C",5,29,"meadow",1,1,14,4,27,8,NA
"63","HM.5.C.80.2016",2016,"HM","C",5,80,"meadow",1,1,17,4,27,25,NA
"64","HM.6.C.48.2016",2016,"HM","C",6,48,"meadow",1,1,21,5,23,9,NA
"65","HM.6.C.47.2016",2016,"HM","C",6,47,"meadow",1,1,14,5,23,9,NA
"66","HM.6.C.86.2016",2016,"HM","C",6,86,"meadow",1,1,10,5,24,4,NA
"67","HM.7.C.17.2016",2016,"HM","C",7,17,"meadow",1,1,6,5,23,8,NA
"68","HM.7.C.24.2016",2016,"HM","C",7,24,"meadow",1,1,5,5,25,22,NA
"69","HM.7.C.33.2016",2016,"HM","C",7,33,"meadow",1,1,5,4,27,3,NA
"70","HM.8.C.91.2016",2016,"HM","C",8,91,"meadow",1,1,14,9,24,22,NA
"71","HM.8.C.45.2016",2016,"HM","C",8,45,"meadow",1,1,17,8,24,22,NA
"72","HM.8.C.66.2016",2016,"HM","C",8,66,"meadow",1,1,17,6,29,16,NA
"73","LM.1.A.44.2016",2016,"LM","A",1,44,"meadow",1,1,24,9,14,NA,NA
"74","LM.1.A.91.2016",2016,"LM","A",1,91,"meadow",1,1,25,6,20,NA,NA
"75","LM.1.A.11.2016",2016,"LM","A",1,11,"meadow",1,1,17,12,14,NA,NA
"76","LM.2.A.71.2016",2016,"LM","A",2,71,"meadow",1,1,19,5,23,NA,NA
"77","LM.2.A.29.2016",2016,"LM","A",2,29,"meadow",1,1,14,9,14,NA,NA
"78","LM.2.A.80.2016",2016,"LM","A",2,80,"meadow",1,1,19,13,17,NA,NA
"79","LM.3.A.52.2016",2016,"LM","A",3,52,"meadow",1,1,17,9,17,NA,NA
"80","LM.3.A.7.2016",2016,"LM","A",3,7,"meadow",1,1,19,9,14,NA,NA
"81","LM.3.A.82.2016",2016,"LM","A",3,82,"meadow",1,1,14,9,20,NA,NA
"82","LM.4.A.65.2016",2016,"LM","A",4,65,"meadow",1,1,14,13,21,NA,NA
"83","LM.4.A.58.2016",2016,"LM","A",4,58,"meadow",1,1,14,8,24,NA,NA
"84","LM.4.A.73.2016",2016,"LM","A",4,73,"meadow",1,1,6,16,14,NA,NA
"85","LM.5.A.28.2016",2016,"LM","A",5,28,"meadow",1,1,14,13,14,NA,NA
"86","LM.5.A.41.2016",2016,"LM","A",5,41,"meadow",1,1,19,11,20,NA,NA
"87","LM.5.A.14.2016",2016,"LM","A",5,14,"meadow",1,1,19,12,18,NA,NA
"88","LM.6.A.79.2016",2016,"LM","A",6,79,"meadow",1,1,1,5,31,NA,NA
"89","LM.6.A.96.2016",2016,"LM","A",6,96,"meadow",1,1,1,16,21,NA,NA
"90","LM.6.A.3.2016",2016,"LM","A",6,3,"meadow",1,1,17,12,23,NA,NA
"91","LM.7.A.99.2016",2016,"LM","A",7,99,"meadow",1,1,10,12,17,NA,NA
"92","LM.7.A.24.2016",2016,"LM","A",7,24,"meadow",1,1,6,16,17,NA,NA
"93","LM.7.A.63.2016",2016,"LM","A",7,63,"meadow",1,1,22,11,27,NA,NA
"94","LM.8.A.12.2016",2016,"LM","A",8,12,"meadow",1,1,1,23,11,NA,NA
"95","LM.8.A.47.2016",2016,"LM","A",8,47,"meadow",1,1,1,9,23,NA,NA
"96","LM.8.A.31.2016",2016,"LM","A",8,31,"meadow",1,1,3,16,14,NA,NA
"97","LM.1.B.61.2016",2016,"LM","B",1,61,"meadow",1,1,3,16,15,NA,NA
"98","LM.1.B.51.2016",2016,"LM","B",1,51,"meadow",1,1,10,16,15,NA,NA
"99","LM.1.B.54.2016",2016,"LM","B",1,54,"meadow",1,1,14,12,14,NA,NA
"100","LM.2.B.8.2016",2016,"LM","B",2,8,"meadow",1,1,3,12,17,NA,NA
"101","LM.2.B.15.2016",2016,"LM","B",2,15,"meadow",1,1,32,15,20,NA,NA
"102","LM.2.B.35.2016",2016,"LM","B",2,35,"meadow",1,1,6,16,21,NA,NA
"103","LM.3.B.31.2016",2016,"LM","B",3,31,"meadow",1,1,10,12,12,NA,NA
"104","LM.3.B.74.2016",2016,"LM","B",3,74,"meadow",1,1,32,11,14,NA,NA
"105","LM.3.B.47.2016",2016,"LM","B",3,47,"meadow",1,1,19,5,21,NA,NA
"106","LM.4.B.67.2016",2016,"LM","B",4,67,"meadow",1,1,32,11,20,NA,NA
"107","LM.4.B.24.2016",2016,"LM","B",4,24,"meadow",1,1,32,11,14,NA,NA
"108","LM.4.B.9.2016",2016,"LM","B",4,9,"meadow",1,1,6,13,17,NA,NA
"109","LM.5.B.78.2016",2016,"LM","B",5,78,"meadow",1,1,23,15,20,NA,NA
"110","LM.5.B.10.2016",2016,"LM","B",5,10,"meadow",1,1,2,9,27,NA,NA
"111","LM.5.B.83.2016",2016,"LM","B",5,83,"meadow",1,1,10,12,21,NA,NA
"112","LM.6.B.13.2016",2016,"LM","B",6,13,"meadow",5,1,29,15,14,NA,NA
"113","LM.6.B.85.2016",2016,"LM","B",6,85,"meadow",1,1,26,12,23,NA,NA
"114","LM.6.B.84.2016",2016,"LM","B",6,84,"meadow",1,1,32,9,24,NA,NA
"115","LM.7.B.59.2016",2016,"LM","B",7,59,"meadow",1,1,10,9,20,NA,NA
"116","LM.7.B.50.2016",2016,"LM","B",7,50,"meadow",1,1,3,12,23,NA,NA
"117","LM.7.B.98.2016",2016,"LM","B",7,98,"meadow",1,1,1,6,33,NA,NA
"118","LM.8.B.42.2016",2016,"LM","B",8,42,"meadow",1,1,3,23,11,NA,NA
"119","LM.8.B.16.2016",2016,"LM","B",8,16,"meadow",1,1,14,9,1,NA,NA
"120","LM.8.B.53.2016",2016,"LM","B",8,53,"meadow",1,1,23,19,14,NA,NA
"121","LM.1.C.86.2016",2016,"LM","C",1,86,"meadow",1,1,32,12,20,NA,NA
"122","LM.1.C.35.2016",2016,"LM","C",1,35,"meadow",1,1,3,8,21,NA,NA
"123","LM.1.C.20.2016",2016,"LM","C",1,20,"meadow",1,1,5,11,20,NA,NA
"124","LM.2.C.32.2016",2016,"LM","C",2,32,"meadow",1,1,3,11,1,NA,NA
"125","LM.2.C.6.2016",2016,"LM","C",2,6,"meadow",1,1,6,11,23,NA,NA
"126","LM.2.C.59.2016",2016,"LM","C",2,59,"meadow",1,1,19,21,1,NA,NA
"127","LM.3.C.3.2016",2016,"LM","C",3,3,"meadow",1,1,29,19,21,NA,NA
"128","LM.3.C.88.2016",2016,"LM","C",3,88,"meadow",1,1,6,21,20,20,NA
"129","LM.3.C.73.2016",2016,"LM","C",3,73,"meadow",1,1,10,16,17,NA,NA
"130","LM.4.C.19.2016",2016,"LM","C",4,19,"meadow",1,1,23,23,11,NA,NA
"131","LM.4.C.38.2016",2016,"LM","C",4,38,"meadow",1,1,23,25,9,20,NA
"132","LM.4.C.2.2016",2016,"LM","C",4,2,"meadow",1,1,3,21,17,NA,NA
"133","LM.5.C.10.2016",2016,"LM","C",5,10,"meadow",1,1,3,13,18,NA,NA
"134","LM.5.C.29.2016",2016,"LM","C",5,29,"meadow",1,1,6,12,18,NA,NA
"135","LM.5.C.80.2016",2016,"LM","C",5,80,"meadow",1,1,10,12,14,NA,NA
"136","LM.6.C.47.2016",2016,"LM","C",6,47,"meadow",1,1,6,6,23,NA,NA
"137","LM.6.C.48.2016",2016,"LM","C",6,48,"meadow",1,1,3,5,27,NA,NA
"138","LM.6.C.86.2016",2016,"LM","C",6,86,"meadow",1,1,1,9,21,NA,NA
"139","LM.7.C.17.2016",2016,"LM","C",7,17,"meadow",1,1,29,12,20,NA,NA
"140","LM.7.C.24.2016",2016,"LM","C",7,24,"meadow",1,1,23,12,20,NA,NA
"141","LM.7.C.33.2016",2016,"LM","C",7,33,"meadow",1,1,23,19,17,NA,NA
"142","LM.8.C.91.2016",2016,"LM","C",8,91,"meadow",1,1,23,21,15,NA,NA
"143","LM.8.C.45.2016",2016,"LM","C",8,45,"meadow",1,1,6,9,15,NA,NA
"144","LM.8.C.66.2016",2016,"LM","C",8,66,"meadow",1,1,9,13,21,22,NA
"145","HP.1.A.44.2016",2016,"HP","A",1,44,"pasture",2,2,21,6,3,4,17
"146","HP.1.A.91.2016",2016,"HP","A",1,91,"pasture",1,NA,19,19,1,20,11
"147","HP.1.A.11.2016",2016,"HP","A",1,11,"pasture",1,2,11,5,22,20,25
"148","HP.2.A.71.2016",2016,"HP","A",2,71,"pasture",8,1,22,15,6,16,2
"149","HP.2.A.29.2016",2016,"HP","A",2,29,"pasture",3,2,22,15,6,24,2
"150","HP.2.A.80.2016",2016,"HP","A",2,80,"pasture",3,2,24,12,22,12,2
"151","HP.3.A.52.2016",2016,"HP","A",3,52,"pasture",1,2,5,11,22,6,12
"152","HP.3.A.7.2016",2016,"HP","A",3,7,"pasture",1,5,6,8,22,16,17
"153","HP.3.A.82.2016",2016,"HP","A",3,82,"pasture",1,2,8,12,16,25,3
"154","HP.4.A.65.2016",2016,"HP","A",4,65,"pasture",2,10,3,11,9,12,21
"155","HP.4.A.58.2016",2016,"HP","A",4,58,"pasture",2,8,6,16,16,NA,16
"156","HP.4.A.73.2016",2016,"HP","A",4,73,"pasture",2,8,26,11,16,12,9
"157","HP.5.A.28.2016",2016,"HP","A",5,28,"pasture",1,1,14,9,13,23,14
"158","HP.5.A.41.2016",2016,"HP","A",5,41,"pasture",2,2,17,15,22,7,16
"159","HP.5.A.14.2016",2016,"HP","A",5,14,"pasture",8,5,21,12,10,22,16
"160","HP.6.A.79.2016",2016,"HP","A",6,79,"pasture",2,2,9,15,13,8,8
"161","HP.6.A.96.2016",2016,"HP","A",6,96,"pasture",9,2,16,9,13,13,11
"162","HP.6.A.3.2016",2016,"HP","A",6,3,"pasture",2,2,6,9,16,4,12
"163","HP.7.A.99.2016",2016,"HP","A",7,99,"pasture",1,13,6,19,16,24,24
"164","HP.7.A.24.2016",2016,"HP","A",7,24,"pasture",1,14,10,19,22,22,8
"165","HP.7.A.63.2016",2016,"HP","A",7,63,"pasture",1,10,22,13,10,12,3
"166","HP.8.A.12.2016",2016,"HP","A",8,12,"pasture",2,5,6,12,16,3,19
"167","HP.8.A.47.2016",2016,"HP","A",8,47,"pasture",6,2,13,21,10,22,9
"168","HP.8.A.31.2016",2016,"HP","A",8,31,"pasture",6,8,14,9,10,5,5
"169","HP.1.B.54.2016",2016,"HP","B",1,54,"pasture",2,5,6,21,19,5,7
"170","HP.1.B.51.2016",2016,"HP","B",1,51,"pasture",2,2,10,15,22,20,11
"171","HP.1.B.61.2016",2016,"HP","B",1,61,"pasture",8,2,10,21,13,16,NA
"172","HP.2.B.8.2016",2016,"HP","B",2,8,"pasture",1,2,6,24,6,22,2
"173","HP.2.B.15.2016",2016,"HP","B",2,15,"pasture",1,8,14,19,10,12,2
"174","HP.2.B.35.2016",2016,"HP","B",2,35,"pasture",2,5,12,16,16,NA,2
"175","HP.3.B.31.2016",2016,"HP","B",3,31,"pasture",8,2,19,16,16,16,7
"176","HP.3.B.74.2016",2016,"HP","B",3,74,"pasture",2,2,22,12,2,12,2
"177","HP.3.B.47.2016",2016,"HP","B",3,47,"pasture",2,2,21,15,16,22,2
"178","HP.4.B.67.2016",2016,"HP","B",4,67,"pasture",1,12,22,15,10,22,16
"179","HP.4.B.24.2016",2016,"HP","B",4,24,"pasture",1,17,24,11,22,22,2
"180","HP.4.B.9.2016",2016,"HP","B",4,9,"pasture",1,8,27,9,10,24,7
"181","HP.5.B.78.2016",2016,"HP","B",5,78,"pasture",2,2,24,11,1,22,2
"182","HP.5.B.10.2016",2016,"HP","B",5,10,"pasture",1,2,3,15,10,13,10
"183","HP.5.B.83.2016",2016,"HP","B",5,83,"pasture",1,12,27,22,14,12,7
"184","HP.6.B.13.2016",2016,"HP","B",6,13,"pasture",1,8,27,12,13,20,2
"185","HP.6.B.85.2016",2016,"HP","B",6,85,"pasture",1,5,27,12,10,12,7
"186","HP.6.B.84.2016",2016,"HP","B",6,84,"pasture",1,5,24,16,16,16,16
"187","HP.7.B.59.2016",2016,"HP","B",7,59,"pasture",2,2,22,2,18,22,10
"188","HP.7.B.50.2016",2016,"HP","B",7,50,"pasture",1,1,22,16,13,2,7
"189","HP.7.B.98.2016",2016,"HP","B",7,98,"pasture",2,2,22,18,18,22,2
"190","HP.8.B.42.2016",2016,"HP","B",8,42,"pasture",6,5,10,19,19,25,24
"191","HP.8.B.16.2016",2016,"HP","B",8,16,"pasture",2,8,5,21,1,22,9
"192","HP.8.B.53.2016",2016,"HP","B",8,53,"pasture",1,5,21,13,22,3,7
"193","HP.1.C.85.2016",2016,"HP","C",1,85,"pasture",2,5,24,8,9,8,7
"194","HP.1.C.35.2016",2016,"HP","C",1,35,"pasture",1,2,24,11,1,16,2
"195","HP.1.C.20.2016",2016,"HP","C",1,20,"pasture",1,2,24,11,7,22,2
"196","HP.2.C.33.2016",2016,"HP","C",2,33,"pasture",2,2,21,15,1,22,16
"197","HP.2.C.6.2016",2016,"HP","C",2,6,"pasture",1,8,22,9,11,20,2
"198","HP.2.C.59.2016",2016,"HP","C",2,59,"pasture",2,5,19,19,11,22,7
"199","HP.3.C.73.2016",2016,"HP","C",3,73,"pasture",6,1,21,15,2,23,10
"200","HP.3.C.88.2016",2016,"HP","C",3,88,"pasture",1,1,19,15,13,12,7
"201","HP.3.C.3.2016",2016,"HP","C",3,3,"pasture",8,1,21,12,1,16,7
"202","HP.4.C.19.2016",2016,"HP","C",4,19,"pasture",2,1,21,16,22,12,1
"203","HP.4.C.38.2016",2016,"HP","C",4,38,"pasture",1,1,14,21,22,12,16
"204","HP.4.C.2.2016",2016,"HP","C",4,2,"pasture",2,2,14,21,1,22,10
"205","HP.5.C.10.2016",2016,"HP","C",5,10,"pasture",1,1,14,15,3,9,16
"206","HP.5.C.29.2016",2016,"HP","C",5,29,"pasture",1,2,30,8,22,16,16
"207","HP.5.C.80.2016",2016,"HP","C",5,80,"pasture",1,5,24,11,2,16,2
"208","HP.6.C.48.2016",2016,"HP","C",6,48,"pasture",2,1,10,11,15,16,3
"209","HP.6.C.47.2016",2016,"HP","C",6,47,"pasture",8,2,8,11,11,5,8
"210","HP.6.C.86.2016",2016,"HP","C",6,86,"pasture",8,1,17,9,15,6,7
"211","HP.7.C.17.2016",2016,"HP","C",7,17,"pasture",6,5,6,24,10,24,2
"212","HP.7.C.24.2016",2016,"HP","C",7,24,"pasture",6,5,23,21,7,20,3
"213","HP.7.C.33.2016",2016,"HP","C",7,33,"pasture",3,10,32,23,19,24,13
"214","HP.8.C.91.2016",2016,"HP","C",8,91,"pasture",2,2,6,23,4,5,16
"215","HP.8.C.66.2016",2016,"HP","C",8,66,"pasture",2,2,17,16,4,9,7
"216","HP.8.C.45.2016",2016,"HP","C",8,45,"pasture",1,1,19,16,1,22,16
"217","VP.1.A.71.2016",2016,"VP","A",1,71,"pasture",1,1,10,6,12,17,7
"218","VP.1.A.29.2016",2016,"VP","A",1,29,"pasture",1,1,10,8,7,8,13
"219","VP.1.A.80.2016",2016,"VP","A",1,80,"pasture",2,2,19,9,9,16,10
"220","VP.2.A.44.2016",2016,"VP","A",2,44,"pasture",2,1,6,3,12,21,16
"221","VP.2.A.91.2016",2016,"VP","A",2,91,"pasture",10,5,17,9,3,16,13
"222","VP.2.A.11.2016",2016,"VP","A",2,11,"pasture",2,2,14,13,1,22,10
"223","VP.3.A.52.2016",2016,"VP","A",3,52,"pasture",6,10,27,12,3,25,16
"224","VP.3.A.7.2016",2016,"VP","A",3,7,"pasture",1,8,24,8,3,10,21
"225","VP.3.A.82.2016",2016,"VP","A",3,82,"pasture",2,1,6,3,12,21,16
"226","VP.4.A.73.2016",2016,"VP","A",4,73,"pasture",1,14,21,5,9,8,22
"227","VP.4.A.58.2016",2016,"VP","A",4,58,"pasture",2,16,28,8,1,7,10
"228","VP.4.A.65.2016",2016,"VP","A",4,65,"pasture",1,12,10,5,7,17,23
"229","VP.5.A.28.2016",2016,"VP","A",5,28,"pasture",1,5,28,8,9,16,2
"230","VP.5.A.41.2016",2016,"VP","A",5,41,"pasture",1,5,27,9,3,22,16
"231","VP.5.A.14.2016",2016,"VP","A",5,14,"pasture",1,5,31,9,9,16,2
"232","VP.6.A.79.2016",2016,"VP","A",6,79,"pasture",2,4,10,19,7,24,9
"233","VP.6.A.96.2016",2016,"VP","A",6,96,"pasture",1,9,3,6,9,22,20
"234","VP.6.A.3.2016",2016,"VP","A",6,3,"pasture",9,15,2,1,1,1,9
"235","VP.7.A.99.2016",2016,"VP","A",7,99,"pasture",2,2,14,9,17,8,3
"236","VP.7.A.24.2016",2016,"VP","A",7,24,"pasture",6,2,14,15,7,22,3
"237","VP.7.A.63.2016",2016,"VP","A",7,63,"pasture",1,2,6,23,3,12,16
"238","VP.8.A.12.2016",2016,"VP","A",8,12,"pasture",1,12,19,5,14,8,16
"239","VP.8.A.47.2016",2016,"VP","A",8,47,"pasture",1,5,14,11,3,4,16
"240","VP.8.A.31.2016",2016,"VP","A",8,31,"pasture",1,2,17,6,7,23,10
"241","VP.1.B.51.2016",2016,"VP","B",1,51,"pasture",6,1,29,4,12,8,18
"242","VP.1.B.61.2016",2016,"VP","B",1,61,"pasture",6,1,5,3,14,3,15
"243","VP.1.B.54.2016",2016,"VP","B",1,54,"pasture",2,1,14,9,11,5,3
"244","VP.2.B.8.2016",2016,"VP","B",2,8,"pasture",1,5,17,12,9,6,3
"245","VP.2.B.15.2016",2016,"VP","B",2,15,"pasture",1,2,21,9,12,5,3
"246","VP.2.B.35.2016",2016,"VP","B",2,35,"pasture",1,5,24,9,9,6,3
"247","VP.3.B.31.2016",2016,"VP","B",3,31,"pasture",1,2,27,5,7,3,3
"248","VP.3.B.74.2016",2016,"VP","B",3,74,"pasture",1,2,25,8,7,9,3
"249","VP.3.B.47.2016",2016,"VP","B",3,47,"pasture",1,2,28,6,11,3,8
"250","VP.4.B.67.2016",2016,"VP","B",4,67,"pasture",2,5,17,5,12,3,12
"251","VP.4.B.24.2016",2016,"VP","B",4,24,"pasture",6,10,33,3,11,3,16
"252","VP.4.B.9.2016",2016,"VP","B",4,9,"pasture",9,8,28,8,9,8,3
"253","VP.5.B.78.2016",2016,"VP","B",5,78,"pasture",1,1,25,5,14,3,8
"254","VP.5.B.10.2016",2016,"VP","B",5,10,"pasture",1,2,22,4,15,13,19
"255","VP.5.B.83.2016",2016,"VP","B",5,83,"pasture",1,1,25,8,12,24,17
"256","VP.6.B.13.2016",2016,"VP","B",6,13,"pasture",2,10,22,6,15,NA,3
"257","VP.6.B.85.2016",2016,"VP","B",6,85,"pasture",1,10,27,8,15,22,7
"258","VP.6.B.84.2016",2016,"VP","B",6,84,"pasture",1,3,30,8,7,12,2
"259","VP.7.B.59.2016",2016,"VP","B",7,59,"pasture",8,11,29,1,17,22,18
"260","VP.7.B.50.2016",2016,"VP","B",7,50,"pasture",2,3,3,4,21,16,15
"261","VP.7.B.98.2016",2016,"VP","B",7,98,"pasture",6,6,16,14,24,2,12
"262","VP.8.B.42.2016",2016,"VP","B",8,42,"pasture",1,5,19,11,17,8,16
"263","VP.8.B.16.2016",2016,"VP","B",8,16,"pasture",6,10,21,6,18,8,8
"264","VP.8.B.53.2016",2016,"VP","B",8,53,"pasture",1,8,19,6,15,25,11
"265","VP.1.C.85.2016",2016,"VP","C",1,85,"pasture",8,2,17,5,15,10,14
"266","VP.1.C.35.2016",2016,"VP","C",1,35,"pasture",2,2,14,4,20,15,25
"267","VP.1.C.20.2016",2016,"VP","C",1,20,"pasture",6,5,19,3,18,15,11
"268","VP.2.C.53.2016",2016,"VP","C",2,53,"pasture",2,5,6,6,14,15,12
"269","VP.2.C.6.2016",2016,"VP","C",2,6,"pasture",8,5,21,8,14,17,12
"270","VP.2.C.59.2016",2016,"VP","C",2,59,"pasture",10,8,21,4,17,3,14
"271","VP.3.C.3.2016",2016,"VP","C",3,3,"pasture",1,2,14,9,9,13,3
"272","VP.3.C.88.2016",2016,"VP","C",3,88,"pasture",1,8,19,4,7,13,5
"273","VP.3.C.73.2016",2016,"VP","C",3,73,"pasture",1,8,21,6,7,11,16
"274","VP.4.C.19.2016",2016,"VP","C",4,19,"pasture",5,7,20,1,12,1,11
"275","VP.4.C.38.2016",2016,"VP","C",4,38,"pasture",3,4,16,5,14,22,9
"276","VP.4.C.2.2016",2016,"VP","C",4,2,"pasture",10,3,16,3,15,16,19
"277","VP.5.C.10.2016",2016,"VP","C",5,10,"pasture",10,2,16,9,12,13,3
"278","VP.5.C.29.2016",2016,"VP","C",5,29,"pasture",1,2,14,5,14,14,19
"279","VP.5.C.80.2016",2016,"VP","C",5,80,"pasture",1,5,6,6,12,13,14
"280","VP.6.C.48.2016",2016,"VP","C",6,48,"pasture",1,8,22,6,11,23,13
"281","VP.6.C.47.2016",2016,"VP","C",6,47,"pasture",1,5,25,5,9,20,10
"282","VP.6.C.86.2016",2016,"VP","C",6,86,"pasture",2,8,19,8,12,25,16
"283","VP.7.C.17.2016",2016,"VP","C",7,17,"pasture",1,1,21,9,11,25,3
"284","VP.7.C.24.2016",2016,"VP","C",7,24,"pasture",9,1,21,8,14,25,8
"285","VP.7.C.33.2016",2016,"VP","C",7,33,"pasture",8,2,21,12,9,24,3
"286","VP.8.C.91.2016",2016,"VP","C",8,91,"pasture",1,2,24,8,11,20,24
"287","VP.8.C.45.2016",2016,"VP","C",8,45,"pasture",2,5,21,6,11,22,7
"288","VP.8.C.66.2016",2016,"VP","C",8,66,"pasture",1,5,30,6,7,22,16
"289","HP.1.A.20.2017",2017,"HP","A",1,20,"pasture",9,2,19,8,13,3,9
"290","HP.1.A.35.2017",2017,"HP","A",1,35,"pasture",6,2,19,8,3,3,14
"291","HP.1.A.85.2017",2017,"HP","A",1,85,"pasture",2,1,17,9,16,24,18
"292","HP.2.A.53.2017",2017,"HP","A",2,53,"pasture",10,1,21,8,6,13,5
"293","HP.2.A.6.2017",2017,"HP","A",2,6,"pasture",2,1,17,21,10,24,3
"294","HP.2.A.59.2017",2017,"HP","A",2,59,"pasture",11,1,19,5,13,22,16
"295","HP.3.A.73.2017",2017,"HP","A",3,73,"pasture",1,12,17,13,30,4,16
"296","HP.3.A.3.2017",2017,"HP","A",3,3,"pasture",1,14,19,19,3,23,14
"297","HP.3.A.88.2017",2017,"HP","A",3,88,"pasture",1,12,22,12,1,7,16
"298","HP.4.A.2.2017",2017,"HP","A",4,2,"pasture",9,8,14,8,16,8,11
"299","HP.4.A.19.2017",2017,"HP","A",4,19,"pasture",8,5,16,19,26,20,9
"300","HP.4.A.38.2017",2017,"HP","A",4,38,"pasture",2,12,30,6,16,8,3
"301","HP.5.A.29.2017",2017,"HP","A",5,29,"pasture",8,2,10,9,13,13,17
"302","HP.5.A.NA.2017",2017,"HP","A",5,NA,"pasture",6,1,2,4,3,15,17
"303","HP.5.A.10.2017",2017,"HP","A",5,10,"pasture",3,2,10,12,10,6,8
"304","HP.6.A.86.2017",2017,"HP","A",6,86,"pasture",12,2,26,6,19,13,3
"305","HP.6.A.48.2017",2017,"HP","A",6,48,"pasture",10,2,6,6,22,13,3
"306","HP.6.A.47.2017",2017,"HP","A",6,47,"pasture",6,2,23,11,16,13,6
"307","HP.7.A.17.2017",2017,"HP","A",7,17,"pasture",2,12,19,19,16,22,8
"308","HP.7.A.24.2017",2017,"HP","A",7,24,"pasture",8,4,17,16,19,24,4
"309","HP.7.A.33.2017",2017,"HP","A",7,33,"pasture",1,12,21,16,13,12,5
"310","HP.8.A.66.2017",2017,"HP","A",8,66,"pasture",2,2,17,12,22,12,18
"311","HP.8.A.45.2017",2017,"HP","A",8,45,"pasture",6,2,26,11,13,22,22
"312","HP.8.A.91.2017",2017,"HP","A",8,91,"pasture",1,5,14,19,6,1,8
"313","HP.1.B.44.2017",2017,"HP","B",1,44,"pasture",8,2,14,15,16,20,5
"314","HP.1.B.91.2017",2017,"HP","B",1,91,"pasture",13,2,6,19,22,26,9
"315","HP.1.B.11.2017",2017,"HP","B",1,11,"pasture",10,2,32,5,19,13,22
"316","HP.2.B.29.2017",2017,"HP","B",2,29,"pasture",8,1,6,23,22,22,10
"317","HP.2.B.71.2017",2017,"HP","B",2,71,"pasture",6,2,6,23,13,23,5
"318","HP.2.B.80.2017",2017,"HP","B",2,80,"pasture",6,8,17,23,30,16,4
"319","HP.3.B.52.2017",2017,"HP","B",3,52,"pasture",10,2,6,21,26,16,11
"320","HP.3.B.82.2017",2017,"HP","B",3,82,"pasture",3,1,21,12,1,22,2
"321","HP.3.B.7.2017",2017,"HP","B",3,7,"pasture",8,5,14,16,16,22,19
"322","HP.4.B.65.2017",2017,"HP","B",4,65,"pasture",1,1,21,21,22,12,16
"323","HP.4.B.73.2017",2017,"HP","B",4,73,"pasture",1,12,22,15,10,16,7
"324","HP.4.B.58.2017",2017,"HP","B",4,58,"pasture",1,3,24,15,16,22,16
"325","HP.5.B.14.2017",2017,"HP","B",5,14,"pasture",2,2,14,21,16,12,7
"326","HP.5.B.28.2017",2017,"HP","B",5,28,"pasture",2,2,17,19,22,24,10
"327","HP.5.B.41.2017",2017,"HP","B",5,41,"pasture",6,8,22,15,6,22,7
"328","HP.6.B.96.2017",2017,"HP","B",6,96,"pasture",6,5,19,19,6,22,10
"329","HP.6.B.79.2017",2017,"HP","B",6,79,"pasture",1,10,27,13,1,12,7
"330","HP.6.B.3.2017",2017,"HP","B",6,3,"pasture",1,2,25,15,1,22,16
"331","HP.7.B.24.2017",2017,"HP","B",7,24,"pasture",6,1,21,19,1,12,11
"332","HP.7.B.99.2017",2017,"HP","B",7,99,"pasture",9,1,21,15,1,20,8
"333","HP.7.B.63.2017",2017,"HP","B",7,63,"pasture",2,1,17,9,7,3,19
"334","HP.8.B.31.2017",2017,"HP","B",8,31,"pasture",8,2,21,5,1,3,15
"335","HP.8.B.12.2017",2017,"HP","B",8,12,"pasture",2,5,17,16,3,3,11
"336","HP.8.B.47.2017",2017,"HP","B",8,47,"pasture",8,1,22,11,7,19,8
"337","HP.1.C.54.2017",2017,"HP","C",1,54,"pasture",1,1,30,24,5,22,7
"338","HP.1.C.51.2017",2017,"HP","C",1,51,"pasture",1,17,22,21,1,20,9
"339","HP.1.C.61.2017",2017,"HP","C",1,61,"pasture",1,8,27,21,30,16,8
"340","HP.2.C.15.2017",2017,"HP","C",2,15,"pasture",1,14,22,24,22,22,3
"341","HP.2.C.35.2017",2017,"HP","C",2,35,"pasture",2,10,27,19,8,22,16
"342","HP.2.C.8.2017",2017,"HP","C",2,8,"pasture",2,16,24,21,3,24,14
"343","HP.3.C.47.2017",2017,"HP","C",3,47,"pasture",8,2,27,16,1,22,9
"344","HP.3.C.74.2017",2017,"HP","C",3,74,"pasture",10,1,25,15,22,22,24
"345","HP.3.C.31.2017",2017,"HP","C",3,31,"pasture",8,1,24,9,22,22,18
"346","HP.4.C.9.2017",2017,"HP","C",4,9,"pasture",8,1,19,19,16,22,10
"347","HP.4.C.24.2017",2017,"HP","C",4,24,"pasture",2,2,22,21,16,3,16
"348","HP.4.C.67.2017",2017,"HP","C",4,67,"pasture",2,2,24,19,3,24,3
"349","HP.5.C.83.2017",2017,"HP","C",5,83,"pasture",1,8,24,23,3,22,16
"350","HP.5.C.10.2017",2017,"HP","C",5,10,"pasture",2,2,24,15,3,22,8
"351","HP.5.C.78.2017",2017,"HP","C",5,78,"pasture",2,2,27,18,1,20,7
"352","HP.6.C.84.2017",2017,"HP","C",6,84,"pasture",8,1,19,6,15,24,3
"353","HP.6.C.85.2017",2017,"HP","C",6,85,"pasture",8,1,21,9,11,24,12
"354","HP.6.C.13.2017",2017,"HP","C",6,13,"pasture",11,1,19,11,9,3,21
"355","HP.7.C.59.2017",2017,"HP","C",7,59,"pasture",7,1,23,12,3,3,3
"356","HP.7.C.98.2017",2017,"HP","C",7,98,"pasture",6,1,14,12,3,4,14
"357","HP.7.C.50.2017",2017,"HP","C",7,50,"pasture",10,5,22,9,1,15,11
"358","HP.8.C.42.2017",2017,"HP","C",8,42,"pasture",6,1,17,15,16,3,14
"359","HP.8.C.53.2017",2017,"HP","C",8,53,"pasture",8,1,19,12,1,24,11
"360","HP.8.C.16.2017",2017,"HP","C",8,16,"pasture",6,2,19,11,2,6,9
"361","HM.1.A.20.2017",2017,"HM","A",1,20,"meadow",1,1,22,15,29,3,NA
"362","HM.1.A.85.2017",2017,"HM","A",1,85,"meadow",1,1,6,16,29,22,NA
"363","HM.1.A.35.2017",2017,"HM","A",1,35,"meadow",1,1,10,21,31,22,NA
"364","HM.2.A.53.2017",2017,"HM","A",2,53,"meadow",1,1,10,23,24,12,NA
"365","HM.2.A.59.2017",2017,"HM","A",2,59,"meadow",1,1,14,19,27,22,NA
"366","HM.2.A.6.2017",2017,"HM","A",2,6,"meadow",1,1,19,24,27,2,NA
"367","HM.3.A.3.2017",2017,"HM","A",3,3,"meadow",1,1,19,15,24,22,NA
"368","HM.3.A.88.2017",2017,"HM","A",3,88,"meadow",1,1,14,12,27,12,NA
"369","HM.3.A.73.2017",2017,"HM","A",3,73,"meadow",1,1,10,12,23,22,NA
"370","HM.4.A.19.2017",2017,"HM","A",4,19,"meadow",1,1,17,16,27,12,NA
"371","HM.4.A.2.2017",2017,"HM","A",4,2,"meadow",1,1,19,11,29,24,NA
"372","HM.4.A.38.2017",2017,"HM","A",4,38,"meadow",NA,NA,17,15,27,22,NA
"373","HM.5.A.29.2017",2017,"HM","A",5,29,"meadow",NA,NA,6,21,24,2,NA
"374","HM.5.A.80.2017",2017,"HM","A",5,80,"meadow",1,1,6,8,27,3,NA
"375","HM.5.A.10.2017",2017,"HM","A",5,10,"meadow",1,1,6,19,24,2,NA
"376","HM.6.A.48.2017",2017,"HM","A",6,48,"meadow",1,1,14,15,31,3,NA
"377","HM.6.A.47.2017",2017,"HM","A",6,47,"meadow",1,1,19,19,27,25,NA
"378","HM.6.A.86.2017",2017,"HM","A",6,86,"meadow",1,1,22,12,31,22,NA
"379","HM.7.A.24.2017",2017,"HM","A",7,24,"meadow",1,1,10,26,20,23,NA
"380","HM.7.A.17.2017",2017,"HM","A",7,17,"meadow",1,1,14,24,27,22,NA
"381","HM.7.A.33.2017",2017,"HM","A",7,33,"meadow",1,1,10,27,18,3,NA
"382","HM.8.A.66.2017",2017,"HM","A",8,66,"meadow",1,1,34,12,27,12,NA
"383","HM.8.A.45.2017",2017,"HM","A",8,45,"meadow",1,1,29,11,23,22,NA
"384","HM.8.A.91.2017",2017,"HM","A",8,91,"meadow",2,1,6,11,20,22,NA
"385","HM.1.B.11.2017",2017,"HM","B",1,11,"meadow",1,1,10,24,29,5,NA
"386","HM.1.B.91.2017",2017,"HM","B",1,91,"meadow",1,1,10,15,24,2,NA
"387","HM.1.B.44.2017",2017,"HM","B",1,44,"meadow",1,1,17,13,21,12,NA
"388","HM.2.B.29.2017",2017,"HM","B",2,29,"meadow",1,1,17,23,33,22,NA
"389","HM.2.B.71.2017",2017,"HM","B",2,71,"meadow",1,1,5,19,23,3,NA
"390","HM.2.B.80.2017",2017,"HM","B",2,80,"meadow",1,1,4,23,29,22,NA
"391","HM.3.B.52.2017",2017,"HM","B",3,52,"meadow",1,1,10,9,24,3,NA
"392","HM.3.B.82.2017",2017,"HM","B",3,82,"meadow",1,1,29,19,20,8,NA
"393","HM.3.B.7.2017",2017,"HM","B",3,7,"meadow",NA,NA,19,NA,NA,NA,NA
"394","HM.4.B.58.2017",2017,"HM","B",4,58,"meadow",1,1,3,13,29,3,NA
"395","HM.4.B.73.2017",2017,"HM","B",4,73,"meadow",2,1,29,19,24,3,NA
"396","HM.4.B.65.2017",2017,"HM","B",4,65,"meadow",8,1,23,12,27,2,NA
"397","HM.5.B.14.2017",2017,"HM","B",5,14,"meadow",1,1,3,13,31,22,NA
"398","HM.5.B.41.2017",2017,"HM","B",5,41,"meadow",1,1,10,15,24,22,NA
"399","HM.5.B.28.2017",2017,"HM","B",5,28,"meadow",1,1,2,24,20,2,NA
"400","HM.6.B.96.2017",2017,"HM","B",6,96,"meadow",1,1,6,16,33,3,NA
"401","HM.6.B.3.2017",2017,"HM","B",6,3,"meadow",1,1,3,19,29,23,NA
"402","HM.6.B.79.2017",2017,"HM","B",6,79,"meadow",1,1,23,12,23,13,NA
"403","HM.7.B.24.2017",2017,"HM","B",7,24,"meadow",1,1,10,23,29,23,NA
"404","HM.7.B.99.2017",2017,"HM","B",7,99,"meadow",1,1,6,19,27,23,NA
"405","HM.7.B.63.2017",2017,"HM","B",7,63,"meadow",NA,NA,20,23,17,2,NA
"406","HM.8.B.47.2017",2017,"HM","B",8,47,"meadow",1,1,10,21,18,22,NA
"407","HM.8.B.12.2017",2017,"HM","B",8,12,"meadow",1,1,23,21,18,2,NA
"408","HM.8.B.31.2017",2017,"HM","B",8,31,"meadow",1,1,3,21,20,3,NA
"409","HM.1.C.51.2017",2017,"HM","C",1,51,"meadow",2,1,10,15,32,22,NA
"410","HM.1.C.61.2017",2017,"HM","C",1,61,"meadow",1,1,14,21,24,3,NA
"411","HM.1.C.54.2017",2017,"HM","C",1,54,"meadow",1,1,17,21,27,3,NA
"412","HM.2.C.8.2017",2017,"HM","C",2,8,"meadow",1,1,17,21,20,2,NA
"413","HM.2.C.15.2017",2017,"HM","C",2,15,"meadow",1,1,10,16,23,3,NA
"414","HM.2.C.35.2017",2017,"HM","C",2,35,"meadow",1,1,19,15,27,3,NA
"415","HM.3.C.47.2017",2017,"HM","C",3,47,"meadow",1,1,32,24,24,24,NA
"416","HM.3.C.31.2017",2017,"HM","C",3,31,"meadow",1,1,6,21,23,2,NA
"417","HM.3.C.74.2017",2017,"HM","C",3,74,"meadow",2,1,3,23,24,NA,NA
"418","HM.4.C.24.2017",2017,"HM","C",4,24,"meadow",1,1,14,16,31,2,NA
"419","HM.4.C.67.2017",2017,"HM","C",4,67,"meadow",1,1,6,23,29,2,NA
"420","HM.4.C.9.2017",2017,"HM","C",4,9,"meadow",NA,NA,23,26,20,2,NA
"421","HM.5.C.83.2017",2017,"HM","C",5,83,"meadow",2,1,10,9,24,24,NA
"422","HM.5.C.78.2017",2017,"HM","C",5,78,"meadow",1,1,14,4,21,24,NA
"423","HM.5.C.10.2017",2017,"HM","C",5,10,"meadow",1,1,17,6,27,25,NA
"424","HM.6.C.84.2017",2017,"HM","C",6,84,"meadow",1,1,14,21,27,22,NA
"425","HM.6.C.85.2017",2017,"HM","C",6,85,"meadow",1,1,19,16,27,23,NA
"426","HM.6.C.13.2017",2017,"HM","C",6,13,"meadow",1,1,17,16,27,22,NA
"427","HM.7.C.59.2017",2017,"HM","C",7,59,"meadow",1,1,17,5,24,22,NA
"428","HM.7.C.50.2017",2017,"HM","C",7,50,"meadow",1,1,10,13,27,2,NA
"429","HM.7.C.98.2017",2017,"HM","C",7,98,"meadow",NA,NA,23,24,27,2,NA
"430","HM.8.C.53.2017",2017,"HM","C",8,53,"meadow",NA,NA,21,6,27,NA,NA
"431","HM.8.C.42.2017",2017,"HM","C",8,42,"meadow",1,1,17,15,23,2,NA
"432","HM.8.C.16.2017",2017,"HM","C",8,16,"meadow",1,1,10,9,29,22,NA
"433","LM.1.A.35.2017",2017,"LM","A",1,35,"meadow",1,1,21,9,20,2,NA
"434","LM.1.A.20.2017",2017,"LM","A",1,20,"meadow",1,1,14,9,23,1,NA
"435","LM.1.A.85.2017",2017,"LM","A",1,85,"meadow",1,1,17,9,23,2,NA
"436","LM.2.A.59.2017",2017,"LM","A",2,59,"meadow",1,1,14,11,23,12,NA
"437","LM.2.A.53.2017",2017,"LM","A",2,53,"meadow",1,1,22,11,18,1,NA
"438","LM.2.A.6.2017",2017,"LM","A",2,6,"meadow",1,1,17,12,20,16,NA
"439","LM.3.A.88.2017",2017,"LM","A",3,88,"meadow",1,1,17,12,21,1,NA
"440","LM.3.A.3.2017",2017,"LM","A",3,3,"meadow",1,1,14,9,24,12,NA
"441","LM.3.A.73.2017",2017,"LM","A",3,73,"meadow",1,1,10,21,20,2,NA
"442","LM.4.A.19.2017",2017,"LM","A",4,19,"meadow",1,1,3,13,29,1,NA
"443","LM.4.A.2.2017",2017,"LM","A",4,2,"meadow",1,1,29,19,27,22,NA
"444","LM.4.A.38.2017",2017,"LM","A",4,38,"meadow",1,1,6,15,24,1,NA
"445","LM.5.A.10.2017",2017,"LM","A",5,10,"meadow",1,1,14,13,24,NA,NA
"446","LM.5.A.80.2017",2017,"LM","A",5,80,"meadow",1,1,10,13,21,1,NA
"447","LM.5.A.29.2017",2017,"LM","A",5,29,"meadow",1,1,6,19,21,12,NA
"448","LM.6.A.86.2017",2017,"LM","A",6,86,"meadow",1,1,1,9,31,2,NA
"449","LM.6.A.47.2017",2017,"LM","A",6,47,"meadow",1,1,3,12,23,2,NA
"450","LM.6.A.48.2017",2017,"LM","A",6,48,"meadow",1,1,5,12,24,2,NA
"451","LM.7.A.24.2017",2017,"LM","A",7,24,"meadow",1,1,12,12,23,NA,NA
"452","LM.7.A.33.2017",2017,"LM","A",7,33,"meadow",1,1,19,15,21,2,NA
"453","LM.7.A.17.2017",2017,"LM","A",7,17,"meadow",1,1,9,8,29,16,NA
"454","LM.8.A.91.2017",2017,"LM","A",8,91,"meadow",1,1,1,12,29,2,NA
"455","LM.8.A.45.2017",2017,"LM","A",8,45,"meadow",1,1,1,15,21,22,NA
"456","LM.8.A.66.2017",2017,"LM","A",8,66,"meadow",1,1,1,12,24,2,NA
"457","LM.1.B.44.2017",2017,"LM","B",1,44,"meadow",1,1,6,16,18,2,NA
"458","LM.1.B.91.2017",2017,"LM","B",1,91,"meadow",1,1,32,12,21,1,NA
"459","LM.1.B.11.2017",2017,"LM","B",1,11,"meadow",1,1,10,15,20,12,NA
"460","LM.2.B.71.2017",2017,"LM","B",2,71,"meadow",1,1,32,13,20,16,NA
"461","LM.2.B.80.2017",2017,"LM","B",2,80,"meadow",1,1,3,19,20,12,NA
"462","LM.2.B.29.2017",2017,"LM","B",2,29,"meadow",1,1,29,6,27,12,NA
"463","LM.3.B.52.2017",2017,"LM","B",3,52,"meadow",1,1,10,16,24,1,NA
"464","LM.3.B.82.2017",2017,"LM","B",3,82,"meadow",1,1,7,16,25,22,NA
"465","LM.3.B.7.2017",2017,"LM","B",3,7,"meadow",1,1,6,13,27,1,NA
"466","LM.4.B.73.2017",2017,"LM","B",4,73,"meadow",1,1,6,16,24,22,NA
"467","LM.4.B.58.2017",2017,"LM","B",4,58,"meadow",1,1,16,15,27,2,NA
"468","LM.4.B.65.2017",2017,"LM","B",4,65,"meadow",1,1,16,15,23,1,NA
"469","LM.5.B.41.2017",2017,"LM","B",5,41,"meadow",1,1,3,24,27,12,NA
"470","LM.5.B.14.2017",2017,"LM","B",5,14,"meadow",1,1,16,19,29,1,NA
"471","LM.5.B.28.2017",2017,"LM","B",5,28,"meadow",1,1,5,21,31,1,NA
"472","LM.6.B.79.2017",2017,"LM","B",6,79,"meadow",1,1,23,16,29,NA,NA
"473","LM.6.B.3.2017",2017,"LM","B",6,3,"meadow",1,1,23,19,24,2,NA
"474","LM.6.B.96.2017",2017,"LM","B",6,96,"meadow",1,1,6,13,31,2,NA
"475","LM.7.B.50.2017",2017,"LM","B",7,50,"meadow",1,1,6,15,31,1,NA
"476","LM.7.B.59.2017",2017,"LM","B",7,59,"meadow",1,1,10,15,27,1,NA
"477","LM.7.B.98.2017",2017,"LM","B",7,98,"meadow",NA,NA,1,13,31,22,NA
"478","LM.8.B.31.2017",2017,"LM","B",8,31,"meadow",1,1,23,19,17,1,NA
"479","LM.8.B.12.2017",2017,"LM","B",8,12,"meadow",1,1,23,16,21,1,NA
"480","LM.8.B.47.2017",2017,"LM","B",8,47,"meadow",1,1,3,19,21,2,NA
"481","LM.1.C.51.2017",2017,"LM","C",1,51,"meadow",1,1,29,19,20,12,NA
"482","LM.1.C.61.2017",2017,"LM","C",1,61,"meadow",1,1,3,15,23,2,NA
"483","LM.1.C.54.2017",2017,"LM","C",1,54,"meadow",1,1,16,15,21,12,NA
"484","LM.2.C.8.2017",2017,"LM","C",2,8,"meadow",1,1,3,11,24,NA,NA
"485","LM.2.C.15.2017",2017,"LM","C",2,15,"meadow",1,1,23,19,21,1,NA
"486","LM.2.C.35.2017",2017,"LM","C",2,35,"meadow",1,1,16,9,29,1,NA
"487","LM.3.C.31.2017",2017,"LM","C",3,31,"meadow",1,1,23,19,27,NA,NA
"488","LM.3.C.47.2017",2017,"LM","C",3,47,"meadow",1,1,5,21,27,2,NA
"489","LM.3.C.74.2017",2017,"LM","C",3,74,"meadow",1,1,6,21,24,1,NA
"490","LM.4.C.24.2017",2017,"LM","C",4,24,"meadow",1,1,6,21,27,1,NA
"491","LM.4.C.67.2017",2017,"LM","C",4,67,"meadow",NA,NA,32,23,23,NA,NA
"492","LM.4.C.9.2017",2017,"LM","C",4,9,"meadow",NA,NA,23,23,20,NA,NA
"493","LM.5.C.10.2017",2017,"LM","C",5,10,"meadow",1,1,23,19,20,16,NA
"494","LM.5.C.78.2017",2017,"LM","C",5,78,"meadow",1,1,17,13,24,1,NA
"495","LM.5.C.83.2017",2017,"LM","C",5,83,"meadow",1,1,29,15,24,1,NA
"496","LM.6.C.85.2017",2017,"LM","C",6,85,"meadow",1,1,6,21,27,1,NA
"497","LM.6.C.84.2017",2017,"LM","C",6,84,"meadow",NA,NA,6,24,20,22,NA
"498","LM.6.C.13.2017",2017,"LM","C",6,13,"meadow",1,1,8,11,31,2,NA
"499","LM.7.C.63.2017",2017,"LM","C",7,63,"meadow",1,1,3,21,31,1,NA
"500","LM.7.C.99.2017",2017,"LM","C",7,99,"meadow",1,1,17,16,24,22,NA
"501","LM.7.C.24.2017",2017,"LM","C",7,24,"meadow",1,1,6,21,29,22,NA
"502","LM.8.C.53.2017",2017,"LM","C",8,53,"meadow",1,1,4,20,18,3,NA
"503","LM.8.C.42.2017",2017,"LM","C",8,42,"meadow",1,1,10,16,21,2,NA
"504","LM.8.C.16.2017",2017,"LM","C",8,16,"meadow",1,1,6,19,21,NA,NA
"505","VP.1.A.85.2017",2017,"VP","A",1,85,"pasture",8,2,14,9,1,21,9
"506","VP.1.A.35.2017",2017,"VP","A",1,35,"pasture",8,1,14,8,9,17,5
"507","VP.1.A.20.2017",2017,"VP","A",1,20,"pasture",10,1,21,15,7,25,6
"508","VP.2.A.53.2017",2017,"VP","A",2,53,"pasture",2,2,14,9,11,17,14
"509","VP.2.A.6.2017",2017,"VP","A",2,6,"pasture",2,2,10,5,14,17,8
"510","VP.2.A.59.2017",2017,"VP","A",2,59,"pasture",3,1,24,13,3,25,8
"511","VP.3.A.3.2017",2017,"VP","A",3,3,"pasture",2,2,10,9,12,21,11
"512","VP.3.A.88.2017",2017,"VP","A",3,88,"pasture",1,5,21,10,1,13,8
"513","VP.3.A.73.2017",2017,"VP","A",3,73,"pasture",10,8,27,19,9,23,5
"514","VP.4.A.19.2017",2017,"VP","A",4,19,"pasture",1,5,21,15,11,4,3
"515","VP.4.A.38.2017",2017,"VP","A",4,38,"pasture",2,5,10,17,4,23,3
"516","VP.4.A.2.2017",2017,"VP","A",4,2,"pasture",1,3,25,15,3,23,16
"517","VP.5.A.80.2017",2017,"VP","A",5,80,"pasture",1,1,21,23,1,7,8
"518","VP.5.A.10.2017",2017,"VP","A",5,10,"pasture",2,10,24,21,3,2,16
"519","VP.5.A.29.2017",2017,"VP","A",5,29,"pasture",1,5,17,23,1,12,2
"520","VP.6.A.48.2017",2017,"VP","A",6,48,"pasture",1,2,17,24,1,1,3
"521","VP.6.A.86.2017",2017,"VP","A",6,86,"pasture",1,2,17,21,3,22,8
"522","VP.6.A.47.2017",2017,"VP","A",6,47,"pasture",1,1,21,21,2,2,14
"523","VP.7.A.17.2017",2017,"VP","A",7,17,"pasture",2,2,21,9,9,25,12
"524","VP.7.A.33.2017",2017,"VP","A",7,33,"pasture",6,1,21,15,7,22,12
"525","VP.7.A.24.2017",2017,"VP","A",7,24,"pasture",8,1,17,15,3,26,11
"526","VP.8.A.45.2017",2017,"VP","A",8,45,"pasture",2,5,21,9,7,22,3
"527","VP.8.A.91.2017",2017,"VP","A",8,91,"pasture",1,1,27,12,3,8,16
"528","VP.8.A.66.2017",2017,"VP","A",8,66,"pasture",1,4,24,8,11,26,3
"529","VP.1.B.44.2017",2017,"VP","B",1,44,"pasture",10,2,17,15,15,25,14
"530","VP.1.B.11.2017",2017,"VP","B",1,11,"pasture",3,1,10,15,3,24,14
"531","VP.1.B.91.2017",2017,"VP","B",1,91,"pasture",8,1,19,4,12,8,23
"532","VP.2.B.80.2017",2017,"VP","B",2,80,"pasture",2,8,24,19,9,22,NA
"533","VP.2.B.29.2017",2017,"VP","B",2,29,"pasture",1,12,19,21,3,24,3
"534","VP.2.B.71.2017",2017,"VP","B",2,71,"pasture",2,9,27,12,1,16,5
"535","VP.3.B.82.2017",2017,"VP","B",3,82,"pasture",9,1,21,12,4,23,17
"536","VP.3.B.52.2017",2017,"VP","B",3,52,"pasture",1,1,22,15,12,4,17
"537","VP.3.B.7.2017",2017,"VP","B",3,7,"pasture",10,5,21,12,14,2,5
"538","VP.4.B.73.2017",2017,"VP","B",4,73,"pasture",1,5,27,16,9,25,14
"539","VP.4.B.65.2017",2017,"VP","B",4,65,"pasture",2,2,24,15,12,25,3
"540","VP.4.B.58.2017",2017,"VP","B",4,58,"pasture",1,5,22,12,15,23,3
"541","VP.5.B.28.2017",2017,"VP","B",5,28,"pasture",1,1,17,9,17,8,22
"542","VP.5.B.41.2017",2017,"VP","B",5,41,"pasture",9,1,21,15,7,8,11
"543","VP.5.B.14.2017",2017,"VP","B",5,14,"pasture",9,1,21,11,12,8,19
"544","VP.6.B.79.2017",2017,"VP","B",6,79,"pasture",1,2,22,15,17,6,8
"545","VP.6.B.3.2017",2017,"VP","B",6,3,"pasture",6,1,31,9,7,2,3
"546","VP.6.B.96.2017",2017,"VP","B",6,96,"pasture",1,5,21,15,7,2,16
"547","VP.7.B.99.2017",2017,"VP","B",7,99,"pasture",3,1,15,3,14,1,20
"548","VP.7.B.63.2017",2017,"VP","B",7,63,"pasture",6,2,22,8,18,3,14
"549","VP.7.B.2.2017",2017,"VP","B",7,2,"pasture",1,2,30,21,11,22,16
"550","VP.8.B.12.2017",2017,"VP","B",8,12,"pasture",1,1,10,8,15,26,23
"551","VP.8.B.31.2017",2017,"VP","B",8,31,"pasture",1,1,22,15,14,23,14
"552","VP.8.B.47.2017",2017,"VP","B",8,47,"pasture",11,5,17,15,11,13,11
"553","VP.1.C.51.2017",2017,"VP","C",1,51,"pasture",9,1,32,8,14,8,14
"554","VP.1.C.61.2017",2017,"VP","C",1,61,"pasture",6,8,6,4,7,9,14
"555","VP.1.C.54.2017",2017,"VP","C",1,54,"pasture",3,5,6,4,3,18,14
"556","VP.2.C.15.2017",2017,"VP","C",2,15,"pasture",8,1,14,5,7,3,8
"557","VP.2.C.8.2017",2017,"VP","C",2,8,"pasture",8,5,14,4,7,6,11
"558","VP.2.C.35.2017",2017,"VP","C",2,35,"pasture",6,2,10,8,11,6,12
"559","VP.3.C.74.2017",2017,"VP","C",3,74,"pasture",2,1,17,15,7,26,3
"560","VP.3.C.31.2017",2017,"VP","C",3,31,"pasture",1,12,19,11,11,13,5
"561","VP.3.C.47.2017",2017,"VP","C",3,47,"pasture",2,17,21,6,7,5,5
"562","VP.4.C.67.2017",2017,"VP","C",4,67,"pasture",2,1,21,9,9,20,16
"563","VP.4.C.24.2017",2017,"VP","C",4,24,"pasture",2,1,19,6,7,8,9
"564","VP.4.C.9.2017",2017,"VP","C",4,9,"pasture",3,1,10,1,9,1,11
"565","VP.5.C.78.2017",2017,"VP","C",5,78,"pasture",3,1,10,8,7,24,9
"566","VP.5.C.10.2017",2017,"VP","C",5,10,"pasture",10,5,17,15,1,4,4
"567","VP.5.C.83.2017",2017,"VP","C",5,83,"pasture",3,5,17,12,3,3,8
"568","VP.6.C.85.2017",2017,"VP","C",6,85,"pasture",1,4,31,16,9,25,8
"569","VP.6.C.13.2017",2017,"VP","C",6,13,"pasture",2,5,30,11,17,25,8
"570","VP.6.C.84.2017",2017,"VP","C",6,84,"pasture",2,7,25,23,2,2,14
"571","VP.7.C.50.2017",2017,"VP","C",7,50,"pasture",3,2,21,16,14,6,9
"572","VP.7.C.59.2017",2017,"VP","C",7,59,"pasture",13,2,24,15,14,22,11
"573","VP.7.C.98.2017",2017,"VP","C",7,98,"pasture",4,5,17,15,11,21,14
"574","VP.8.C.53.2017",2017,"VP","C",8,53,"pasture",8,2,22,15,7,2,8
"575","VP.8.C.16.2017",2017,"VP","C",8,16,"pasture",1,1,27,12,12,22,8
"576","VP.8.C.42.2017",2017,"VP","C",8,42,"pasture",10,5,27,12,7,2,8
