"","uid","year","replicate","location","treat_plot","quad","type","grass","herb","horsetail","moss","rush","sedge","woodrush","cover_tot"
"1","HM.1.A.11.2016",2016,"A","HM",1,"11","meadow",56,46,0,0,4,16,1,123
"2","HM.1.A.20.2017",2017,"A","HM",1,"20","meadow",60,69,0,0,28,2,0,159
"3","HM.1.A.35.2017",2017,"A","HM",1,"35","meadow",52,61,0,0,12,2,0,127
"4","HM.1.A.44.2016",2016,"A","HM",1,"44","meadow",41,38,0,0,28,2,0,109
"5","HM.1.A.51.2015",2015,"A","HM",1,"51","meadow",35,59,1,0,11,4,0,110
"6","HM.1.A.61.2015",2015,"A","HM",1,"61","meadow",68,70,0,0,35,17,0,190
"7","HM.1.A.64.2015",2015,"A","HM",1,"64","meadow",35,49,0,0,12,4,0,100
"8","HM.1.A.85.2017",2017,"A","HM",1,"85","meadow",55,66,0,0,3,14,0,138
"9","HM.1.A.91.2016",2016,"A","HM",1,"91","meadow",61,37,0,0,17,15,0,130
"10","HM.1.B.11.2017",2017,"B","HM",1,"11","meadow",24,80,0,0,12,3,0,119
"11","HM.1.B.20.2015",2015,"B","HM",1,"20","meadow",65,51,0,0,11,13,0,140
"12","HM.1.B.44.2017",2017,"B","HM",1,"44","meadow",21,66,0,0,19,6,0,112
"13","HM.1.B.51.2016",2016,"B","HM",1,"51","meadow",45,67,0,0,21,2,0,135
"14","HM.1.B.54.2016",2016,"B","HM",1,"54","meadow",23,70,0,0,12,14,0,119
"15","HM.1.B.55.2015",2015,"B","HM",1,"55","meadow",58,59,0,0,30,10,0,157
"16","HM.1.B.61.2016",2016,"B","HM",1,"61","meadow",66,56,0,0,16,11,0,149
"17","HM.1.B.85.2015",2015,"B","HM",1,"85","meadow",57,31,0,0,30,12,0,130
"18","HM.1.B.91.2017",2017,"B","HM",1,"91","meadow",50,33,0,0,12,1,0,96
"19","HM.1.C.11.2015",2015,"C","HM",1,"11","meadow",21,43,0,0,34,2,0,100
"20","HM.1.C.20.2016",2016,"C","HM",1,"20","meadow",59,42,0,0,6,2,0,109
"21","HM.1.C.35.2016",2016,"C","HM",1,"35","meadow",41,62,0,0,31,2,0,136
"22","HM.1.C.44.2015",2015,"C","HM",1,"44","meadow",31,54,0,0,7,2,0,94
"23","HM.1.C.51.2017",2017,"C","HM",1,"51","meadow",50,61,0,0,20,14,0,145
"24","HM.1.C.54.2017",2017,"C","HM",1,"54","meadow",34,54,0,0,27,2,0,117
"25","HM.1.C.61.2017",2017,"C","HM",1,"61","meadow",42,42,0,0,16,2,0,102
"26","HM.1.C.85.2016",2016,"C","HM",1,"85","meadow",27,43,0,0,28,14,0,112
"27","HM.1.C.91.2015",2015,"C","HM",1,"91","meadow",26,60,0,0,3,7,0,96
"28","HM.2.A.15.2015",2015,"A","HM",2,"15","meadow",54,62,0,0,23,14,0,153
"29","HM.2.A.29.2016",2016,"A","HM",2,"29","meadow",89,66,0,0,23,2,0,180
"30","HM.2.A.35.2015",2015,"A","HM",2,"35","meadow",60,47,0,0,28,4,0,139
"31","HM.2.A.53.2017",2017,"A","HM",2,"53","meadow",42,42,0,0,47,5,0,136
"32","HM.2.A.59.2017",2017,"A","HM",2,"59","meadow",37,42,0,0,16,14,0,109
"33","HM.2.A.6.2017",2017,"A","HM",2,"6","meadow",40,45,0,0,23,1,0,109
"34","HM.2.A.71.2016",2016,"A","HM",2,"71","meadow",49,66,0,0,12,14,1,142
"35","HM.2.A.8.2015",2015,"A","HM",2,"8","meadow",52,49,0,0,21,14,0,136
"36","HM.2.A.80.2016",2016,"A","HM",2,"80","meadow",50,32,0,0,28,2,0,112
"37","HM.2.B.15.2016",2016,"B","HM",2,"15","meadow",38,46,0,0,19,6,0,109
"38","HM.2.B.29.2017",2017,"B","HM",2,"29","meadow",48,70,0,0,20,14,0,152
"39","HM.2.B.35.2016",2016,"B","HM",2,"35","meadow",27,56,0,0,20,8,0,111
"40","HM.2.B.53.2015",2015,"B","HM",2,"53","meadow",55,43,0,0,2,4,0,104
"41","HM.2.B.59.2015",2015,"B","HM",2,"59","meadow",39,59,0,1,19,3,0,121
"42","HM.2.B.6.2015",2015,"B","HM",2,"6","meadow",54,80,0,0,28,4,0,166
"43","HM.2.B.71.2017",2017,"B","HM",2,"71","meadow",68,67,0,0,5,2,0,142
"44","HM.2.B.8.2016",2016,"B","HM",2,"8","meadow",85,73,0,0,30,4,0,192
"45","HM.2.B.80.2017",2017,"B","HM",2,"80","meadow",57,65,0,0,52,14,0,188
"46","HM.2.C.15.2017",2017,"C","HM",2,"15","meadow",52,58,0,0,12,19,0,141
"47","HM.2.C.29.2015",2015,"C","HM",2,"29","meadow",41,45,0,0,7,2,0,95
"48","HM.2.C.35.2017",2017,"C","HM",2,"35","meadow",61,58,0,0,23,19,0,161
"49","HM.2.C.53.2016",2016,"C","HM",2,"53","meadow",35,41,0,0,48,4,0,128
"50","HM.2.C.59.2016",2016,"C","HM",2,"59","meadow",24,69,0,0,35,15,0,143
"51","HM.2.C.6.2016",2016,"C","HM",2,"6","meadow",69,29,0,0,35,4,0,137
"52","HM.2.C.71.2015",2015,"C","HM",2,"71","meadow",22,64,0,0,16,2,0,104
"53","HM.2.C.8.2017",2017,"C","HM",2,"8","meadow",28,26,0,0,24,1,0,79
"54","HM.2.C.80.2015",2015,"C","HM",2,"80","meadow",36,67,0,0,0,2,0,105
"55","HM.3.A.3.2017",2017,"A","HM",3,"3","meadow",47,65,0,0,23,14,0,149
"56","HM.3.A.31.2015",2015,"A","HM",3,"31","meadow",72,57,0,0,0,7,0,136
"57","HM.3.A.47.2015",2015,"A","HM",3,"47","meadow",68,53,0,0,16,2,0,139
"58","HM.3.A.51.2016",2016,"A","HM",3,"51","meadow",78,45,0,0,13,14,0,150
"59","HM.3.A.7.2016",2016,"A","HM",3,"7","meadow",39,35,0,0,16,5,0,95
"60","HM.3.A.73.2017",2017,"A","HM",3,"73","meadow",54,54,0,0,12,14,0,134
"61","HM.3.A.74.2015",2015,"A","HM",3,"74","meadow",41,54,0,0,12,7,0,114
"62","HM.3.A.82.2016",2016,"A","HM",3,"82","meadow",60,24,0,0,20,15,0,119
"63","HM.3.A.88.2017",2017,"A","HM",3,"88","meadow",59,59,0,0,28,2,0,148
"64","HM.3.B.3.2015",2015,"B","HM",3,"3","meadow",49,70,0,2,16,1,0,138
"65","HM.3.B.31.2016",2016,"B","HM",3,"31","meadow",58,32,0,0,11,2,0,103
"66","HM.3.B.47.2016",2016,"B","HM",3,"47","meadow",29,40,0,0,11,9,0,89
"67","HM.3.B.52.2017",2017,"B","HM",3,"52","meadow",21,56,0,0,15,2,0,94
"68","HM.3.B.7.2017",2017,"B","HM",3,"7","meadow",46,34,0,0,37,0,0,117
"69","HM.3.B.73.2015",2015,"B","HM",3,"73","meadow",43,52,0,0,5,3,0,103
"70","HM.3.B.74.2016",2016,"B","HM",3,"74","meadow",23,68,0,0,3,17,0,111
"71","HM.3.B.82.2017",2017,"B","HM",3,"82","meadow",27,46,0,0,42,4,0,119
"72","HM.3.B.88.2015",2015,"B","HM",3,"88","meadow",32,74,0,0,0,8,0,114
"73","HM.3.C.3.2016",2016,"C","HM",3,"3","meadow",76,64,0,0,36,8,0,184
"74","HM.3.C.31.2017",2017,"C","HM",3,"31","meadow",30,57,0,0,6,1,0,94
"75","HM.3.C.47.2017",2017,"C","HM",3,"47","meadow",56,54,0,0,21,16,0,147
"76","HM.3.C.52.2015",2015,"C","HM",3,"52","meadow",26,47,0,0,12,7,0,92
"77","HM.3.C.7.2015",2015,"C","HM",3,"7","meadow",31,54,0,0,0,7,0,92
"78","HM.3.C.73.2016",2016,"C","HM",3,"73","meadow",59,67,0,0,31,14,0,171
"79","HM.3.C.74.2017",2017,"C","HM",3,"74","meadow",25,74,0,0,34,14,0,147
"80","HM.3.C.82.2015",2015,"C","HM",3,"82","meadow",50,65,0,0,45,4,0,164
"81","HM.3.C.88.2016",2016,"C","HM",3,"88","meadow",90,84,0,0,28,11,0,213
"82","HM.4.A.19.2017",2017,"A","HM",4,"19","meadow",41,47,0,0,33,2,0,123
"83","HM.4.A.2.2017",2017,"A","HM",4,"2","meadow",61,77,0,0,25,16,0,179
"84","HM.4.A.24.2015",2015,"A","HM",4,"24","meadow",20,66,0,1,30,17,0,134
"85","HM.4.A.37.2015",2015,"A","HM",4,"37","meadow",28,80,0,1,12,4,0,125
"86","HM.4.A.38.2017",2017,"A","HM",4,"38","meadow",24,55,0,0,20,14,0,113
"87","HM.4.A.58.2016",2016,"A","HM",4,"58","meadow",74,75,0,0,16,15,0,180
"88","HM.4.A.65.2016",2016,"A","HM",4,"65","meadow",59,90,0,0,12,14,0,175
"89","HM.4.A.73.2016",2016,"A","HM",4,"73","meadow",64,60,0,0,30,16,0,170
"90","HM.4.A.9.2015",2015,"A","HM",4,"9","meadow",26,49,0,1,35,2,0,113
"91","HM.4.B.19.2015",2015,"B","HM",4,"19","meadow",66,59,0,5,17,4,0,151
"92","HM.4.B.2.2015",2015,"B","HM",4,"2","meadow",29,52,0,0,7,4,0,92
"93","HM.4.B.24.2016",2016,"B","HM",4,"24","meadow",21,51,0,0,11,6,0,89
"94","HM.4.B.38.2015",2015,"B","HM",4,"38","meadow",39,42,0,1,2,2,0,86
"95","HM.4.B.58.2017",2017,"B","HM",4,"58","meadow",53,59,0,0,19,2,0,133
"96","HM.4.B.65.2017",2017,"B","HM",4,"65","meadow",61,52,0,0,17,1,0,131
"97","HM.4.B.67.2016",2016,"B","HM",4,"67","meadow",72,60,0,0,67,8,0,207
"98","HM.4.B.73.2017",2017,"B","HM",4,"73","meadow",63,66,1,0,2,2,0,134
"99","HM.4.B.9.2016",2016,"B","HM",4,"9","meadow",59,50,0,0,34,1,0,144
"100","HM.4.C.19.2016",2016,"C","HM",4,"19","meadow",64,48,0,0,0,4,0,116
"101","HM.4.C.2.2016",2016,"C","HM",4,"2","meadow",71,69,0,0,20,14,0,174
"102","HM.4.C.24.2017",2017,"C","HM",4,"24","meadow",61,27,0,0,16,1,0,105
"103","HM.4.C.38.2016",2016,"C","HM",4,"38","meadow",64,76,0,0,1,3,0,144
"104","HM.4.C.58.2015",2015,"C","HM",4,"58","meadow",81,105,0,0,12,4,0,202
"105","HM.4.C.65.2015",2015,"C","HM",4,"65","meadow",92,84,0,0,12,8,0,196
"106","HM.4.C.67.2017",2017,"C","HM",4,"67","meadow",39,66,0,0,7,1,0,113
"107","HM.4.C.73.2015",2015,"C","HM",4,"73","meadow",66,67,0,0,7,2,0,142
"108","HM.4.C.9.2017",2017,"C","HM",4,"9","meadow",20,42,0,0,3,14,0,79
"109","HM.5.A.10.2015",2015,"A","HM",5,"10","meadow",35,70,0,2,20,2,0,129
"110","HM.5.A.10.2017",2017,"A","HM",5,"10","meadow",22,57,0,0,7,1,0,87
"111","HM.5.A.14.2016",2016,"A","HM",5,"14","meadow",68,74,0,0,12,5,0,159
"112","HM.5.A.28.2016",2016,"A","HM",5,"28","meadow",51,50,0,0,8,5,0,114
"113","HM.5.A.29.2017",2017,"A","HM",5,"29","meadow",40,65,0,0,7,1,0,113
"114","HM.5.A.41.2016",2016,"A","HM",5,"41","meadow",60,45,0,0,7,15,0,127
"115","HM.5.A.78.2015",2015,"A","HM",5,"78","meadow",26,49,0,1,16,0,0,92
"116","HM.5.A.80.2017",2017,"A","HM",5,"80","meadow",34,52,0,0,7,2,0,95
"117","HM.5.A.83.2015",2015,"A","HM",5,"83","meadow",47,88,0,0,23,0,0,158
"118","HM.5.B.10.2015",2015,"B","HM",5,"10","meadow",64,75,0,0,19,14,0,172
"119","HM.5.B.10.2016",2016,"B","HM",5,"10","meadow",64,57,0,0,34,16,0,171
"120","HM.5.B.14.2017",2017,"B","HM",5,"14","meadow",62,69,0,0,3,14,0,148
"121","HM.5.B.28.2017",2017,"B","HM",5,"28","meadow",27,48,0,0,1,1,0,77
"122","HM.5.B.29.2015",2015,"B","HM",5,"29","meadow",72,70,0,0,3,4,0,149
"123","HM.5.B.41.2017",2017,"B","HM",5,"41","meadow",38,37,0,0,37,14,0,126
"124","HM.5.B.78.2016",2016,"B","HM",5,"78","meadow",71,85,1,0,13,2,0,172
"125","HM.5.B.80.2015",2015,"B","HM",5,"80","meadow",58,73,1,0,2,17,0,151
"126","HM.5.B.83.2016",2016,"B","HM",5,"83","meadow",38,82,1,0,8,2,0,131
"127","HM.5.C.10.2016",2016,"C","HM",5,"10","meadow",51,81,0,0,12,3,1,148
"128","HM.5.C.10.2017",2017,"C","HM",5,"10","meadow",28,77,0,0,12,17,0,134
"129","HM.5.C.14.2015",2015,"C","HM",5,"14","meadow",43,65,0,0,0,10,0,118
"130","HM.5.C.28.2015",2015,"C","HM",5,"28","meadow",72,71,0,0,16,6,0,165
"131","HM.5.C.29.2016",2016,"C","HM",5,"29","meadow",56,52,0,0,16,4,0,128
"132","HM.5.C.41.2015",2015,"C","HM",5,"41","meadow",44,69,0,0,30,7,0,150
"133","HM.5.C.78.2017",2017,"C","HM",5,"78","meadow",29,67,1,0,16,16,0,129
"134","HM.5.C.80.2016",2016,"C","HM",5,"80","meadow",33,43,1,0,20,16,0,113
"135","HM.5.C.83.2017",2017,"C","HM",5,"83","meadow",62,85,0,0,12,16,0,175
"136","HM.6.A.13.2015",2015,"A","HM",6,"13","meadow",39,61,0,1,30,17,0,148
"137","HM.6.A.47.2017",2017,"A","HM",6,"47","meadow",25,86,0,0,23,19,0,153
"138","HM.6.A.48.2017",2017,"A","HM",6,"48","meadow",41,92,0,0,16,19,0,168
"139","HM.6.A.63.2016",2016,"A","HM",6,"63","meadow",60,58,0,0,20,8,0,146
"140","HM.6.A.79.2016",2016,"A","HM",6,"79","meadow",73,88,0,0,23,4,0,188
"141","HM.6.A.84.2015",2015,"A","HM",6,"84","meadow",46,51,0,1,16,3,0,117
"142","HM.6.A.85.2015",2015,"A","HM",6,"85","meadow",36,70,0,0,20,2,1,129
"143","HM.6.A.86.2017",2017,"A","HM",6,"86","meadow",42,83,0,0,30,14,0,169
"144","HM.6.A.96.2016",2016,"A","HM",6,"96","meadow",72,49,0,0,12,2,0,135
"145","HM.6.B.13.2016",2016,"B","HM",6,"13","meadow",64,62,1,0,22,2,0,151
"146","HM.6.B.3.2017",2017,"B","HM",6,"3","meadow",77,84,1,0,2,15,1,180
"147","HM.6.B.79.2017",2017,"B","HM",6,"79","meadow",37,100,0,0,28,6,0,171
"148","HM.6.B.84.2016",2016,"B","HM",6,"84","meadow",70,103,1,0,12,4,0,190
"149","HM.6.B.85.2016",2016,"B","HM",6,"85","meadow",78,63,0,0,4,2,0,147
"150","HM.6.B.86.2015",2015,"B","HM",6,"86","meadow",69,73,0,0,7,6,0,155
"151","HM.6.B.96.2017",2017,"B","HM",6,"96","meadow",68,63,0,0,23,19,0,173
"152","HM.6.B.97.2015",2015,"B","HM",6,"97","meadow",63,60,0,0,3,7,0,133
"153","HM.6.B.98.2015",2015,"B","HM",6,"98","meadow",68,60,0,0,6,7,0,141
"154","HM.6.C.13.2017",2017,"C","HM",6,"13","meadow",47,73,1,0,20,14,0,155
"155","HM.6.C.3.2015",2015,"C","HM",6,"3","meadow",43,60,0,3,21,14,0,141
"156","HM.6.C.47.2016",2016,"C","HM",6,"47","meadow",27,45,0,0,29,5,0,106
"157","HM.6.C.48.2016",2016,"C","HM",6,"48","meadow",62,65,0,0,20,5,0,152
"158","HM.6.C.79.2015",2015,"C","HM",6,"79","meadow",39,41,0,4,29,15,1,129
"159","HM.6.C.84.2017",2017,"C","HM",6,"84","meadow",59,72,0,0,21,14,0,166
"160","HM.6.C.85.2017",2017,"C","HM",6,"85","meadow",61,76,0,0,37,15,0,189
"161","HM.6.C.86.2016",2016,"C","HM",6,"86","meadow",59,76,0,0,12,3,0,150
"162","HM.6.C.96.2015",2015,"C","HM",6,"96","meadow",22,75,0,3,33,14,0,147
"163","HM.7.A.17.2017",2017,"A","HM",7,"17","meadow",29,79,0,0,16,14,0,138
"164","HM.7.A.24.2016",2016,"A","HM",7,"24","meadow",25,44,0,0,12,5,0,86
"165","HM.7.A.24.2017",2017,"A","HM",7,"24","meadow",30,79,0,0,22,15,0,146
"166","HM.7.A.33.2017",2017,"A","HM",7,"33","meadow",31,30,0,0,14,19,0,94
"167","HM.7.A.53.2015",2015,"A","HM",7,"53","meadow",46,74,0,0,20,4,0,144
"168","HM.7.A.59.2015",2015,"A","HM",7,"59","meadow",36,53,0,1,16,2,0,108
"169","HM.7.A.63.2016",2016,"A","HM",7,"63","meadow",41,45,0,0,12,14,0,112
"170","HM.7.A.98.2015",2015,"A","HM",7,"98","meadow",44,64,0,1,23,16,1,149
"171","HM.7.A.99.2016",2016,"A","HM",7,"99","meadow",47,33,0,0,7,5,0,92
"172","HM.7.B.17.2015",2015,"B","HM",7,"17","meadow",44,77,0,0,11,6,0,138
"173","HM.7.B.24.2015",2015,"B","HM",7,"24","meadow",34,89,0,0,16,16,0,155
"174","HM.7.B.24.2017",2017,"B","HM",7,"24","meadow",46,67,1,0,20,15,0,149
"175","HM.7.B.33.2015",2015,"B","HM",7,"33","meadow",43,45,0,0,19,0,0,107
"176","HM.7.B.50.2016",2016,"B","HM",7,"50","meadow",59,77,0,0,19,2,0,157
"177","HM.7.B.59.2016",2016,"B","HM",7,"59","meadow",59,61,1,0,9,14,0,144
"178","HM.7.B.63.2017",2017,"B","HM",7,"63","meadow",50,41,0,0,13,0,0,104
"179","HM.7.B.98.2016",2016,"B","HM",7,"98","meadow",40,35,0,0,41,17,0,133
"180","HM.7.B.99.2017",2017,"B","HM",7,"99","meadow",45,61,0,0,36,15,0,157
"181","HM.7.C.17.2016",2016,"C","HM",7,"17","meadow",45,62,0,0,14,4,0,125
"182","HM.7.C.24.2015",2015,"C","HM",7,"24","meadow",41,50,0,0,23,7,0,121
"183","HM.7.C.24.2016",2016,"C","HM",7,"24","meadow",81,78,0,0,10,14,0,183
"184","HM.7.C.33.2016",2016,"C","HM",7,"33","meadow",40,42,0,0,10,2,0,94
"185","HM.7.C.50.2017",2017,"C","HM",7,"50","meadow",23,71,0,0,11,1,0,106
"186","HM.7.C.59.2017",2017,"C","HM",7,"59","meadow",14,40,0,0,20,14,0,88
"187","HM.7.C.63.2015",2015,"C","HM",7,"63","meadow",31,52,0,0,30,9,0,122
"188","HM.7.C.98.2017",2017,"C","HM",7,"98","meadow",30,67,0,0,21,1,0,119
"189","HM.7.C.99.2015",2015,"C","HM",7,"99","meadow",39,57,0,0,35,9,1,141
"190","HM.8.A.12.2016",2016,"A","HM",8,"12","meadow",61,72,0,0,9,2,0,144
"191","HM.8.A.16.2015",2015,"A","HM",8,"16","meadow",53,45,1,1,12,2,0,114
"192","HM.8.A.31.2016",2016,"A","HM",8,"31","meadow",71,55,0,0,61,16,0,203
"193","HM.8.A.42.2015",2015,"A","HM",8,"42","meadow",47,64,0,1,16,6,0,134
"194","HM.8.A.45.2017",2017,"A","HM",8,"45","meadow",62,66,1,0,42,14,0,185
"195","HM.8.A.47.2016",2016,"A","HM",8,"47","meadow",79,78,0,0,54,11,0,222
"196","HM.8.A.53.2015",2015,"A","HM",8,"53","meadow",47,47,0,2,16,17,0,129
"197","HM.8.A.66.2017",2017,"A","HM",8,"66","meadow",58,54,0,0,46,5,0,163
"198","HM.8.A.91.2017",2017,"A","HM",8,"91","meadow",41,47,1,0,11,14,0,114
"199","HM.8.B.12.2017",2017,"B","HM",8,"12","meadow",18,82,0,0,17,1,0,118
"200","HM.8.B.16.2016",2016,"B","HM",8,"16","meadow",37,56,0,0,7,6,0,106
"201","HM.8.B.31.2017",2017,"B","HM",8,"31","meadow",48,77,0,0,15,2,0,142
"202","HM.8.B.42.2016",2016,"B","HM",8,"42","meadow",46,41,1,0,51,4,0,143
"203","HM.8.B.45.2015",2015,"B","HM",8,"45","meadow",50,43,0,1,33,2,0,129
"204","HM.8.B.47.2017",2017,"B","HM",8,"47","meadow",59,69,0,0,12,14,0,154
"205","HM.8.B.53.2016",2016,"B","HM",8,"53","meadow",40,75,0,0,48,14,0,177
"206","HM.8.B.66.2015",2015,"B","HM",8,"66","meadow",32,52,0,0,42,2,1,129
"207","HM.8.B.91.2015",2015,"B","HM",8,"91","meadow",30,59,0,0,35,4,0,128
"208","HM.8.C.12.2015",2015,"C","HM",8,"12","meadow",45,60,0,2,16,4,0,127
"209","HM.8.C.16.2017",2017,"C","HM",8,"16","meadow",48,88,0,0,12,14,1,163
"210","HM.8.C.31.2015",2015,"C","HM",8,"31","meadow",50,57,0,1,28,6,0,142
"211","HM.8.C.42.2017",2017,"C","HM",8,"42","meadow",19,59,0,0,22,1,0,101
"212","HM.8.C.45.2016",2016,"C","HM",8,"45","meadow",81,74,0,0,21,14,0,190
"213","HM.8.C.47.2015",2015,"C","HM",8,"47","meadow",47,50,0,2,28,4,0,131
"214","HM.8.C.53.2017",2017,"C","HM",8,"53","meadow",62,87,0,0,28,14,0,191
"215","HM.8.C.66.2016",2016,"C","HM",8,"66","meadow",82,59,0,0,20,8,0,169
"216","HM.8.C.91.2016",2016,"C","HM",8,"91","meadow",75,64,0,0,17,14,1,171
"217","HP.1.A.11.2016",2016,"A","HP",1,"11","pasture",34,15,0,16,49,12,5,131
"218","HP.1.A.20.2017",2017,"A","HP",1,"20","pasture",72,12,0,0,23,27,0,134
"219","HP.1.A.35.2017",2017,"A","HP",1,"35","pasture",49,7,0,0,10,22,1,89
"220","HP.1.A.44.2016",2016,"A","HP",1,"44","pasture",33,6,0,0,15,2,1,57
"221","HP.1.A.51.2015",2015,"A","HP",1,"51","pasture",46,12,0,8,3,11,0,80
"222","HP.1.A.54.2015",2015,"A","HP",1,"54","pasture",41,13,0,13,0,11,1,79
"223","HP.1.A.61.2015",2015,"A","HP",1,"61","pasture",40,17,0,6,3,16,1,83
"224","HP.1.A.85.2017",2017,"A","HP",1,"85","pasture",34,5,0,0,8,15,4,66
"225","HP.1.A.91.2016",2016,"A","HP",1,"91","pasture",43,12,0,5,7,10,1,78
"226","HP.1.B.11.2017",2017,"B","HP",1,"11","pasture",25,17,0,0,45,6,0,93
"227","HP.1.B.20.2015",2015,"B","HP",1,"20","pasture",47,12,0,0,20,16,2,97
"228","HP.1.B.35.2015",2015,"B","HP",1,"35","pasture",33,13,0,0,12,0,0,58
"229","HP.1.B.44.2017",2017,"B","HP",1,"44","pasture",59,15,0,0,16,11,0,101
"230","HP.1.B.51.2016",2016,"B","HP",1,"51","pasture",56,25,0,0,12,11,0,104
"231","HP.1.B.54.2016",2016,"B","HP",1,"54","pasture",29,30,0,0,34,8,0,101
"232","HP.1.B.61.2016",2016,"B","HP",1,"61","pasture",54,29,0,0,12,8,0,103
"233","HP.1.B.85.2015",2015,"B","HP",1,"85","pasture",47,16,0,0,16,14,0,93
"234","HP.1.B.91.2017",2017,"B","HP",1,"91","pasture",42,28,0,0,7,18,0,95
"235","HP.1.C.11.2015",2015,"C","HP",1,"11","pasture",46,27,0,18,23,14,0,128
"236","HP.1.C.20.2016",2016,"C","HP",1,"20","pasture",53,53,0,0,35,14,0,155
"237","HP.1.C.35.2016",2016,"C","HP",1,"35","pasture",33,25,0,0,35,8,0,101
"238","HP.1.C.44.2015",2015,"C","HP",1,"44","pasture",48,22,0,13,23,8,0,114
"239","HP.1.C.51.2017",2017,"C","HP",1,"51","pasture",49,37,0,0,30,11,0,127
"240","HP.1.C.54.2017",2017,"C","HP",1,"54","pasture",39,39,0,0,43,14,0,135
"241","HP.1.C.61.2017",2017,"C","HP",1,"61","pasture",67,28,0,0,38,8,2,143
"242","HP.1.C.85.2016",2016,"C","HP",1,"85","pasture",37,33,0,0,35,0,0,105
"243","HP.1.C.91.2015",2015,"C","HP",1,"91","pasture",18,22,0,0,28,14,0,82
"244","HP.2.A.15.2015",2015,"A","HP",2,"15","pasture",50,10,0,3,44,8,0,115
"245","HP.2.A.29.2016",2016,"A","HP",2,"29","pasture",30,3,0,0,30,16,0,79
"246","HP.2.A.35.2015",2015,"A","HP",2,"35","pasture",31,8,0,18,16,1,0,74
"247","HP.2.A.53.2017",2017,"A","HP",2,"53","pasture",44,3,0,0,23,22,4,96
"248","HP.2.A.59.2017",2017,"A","HP",2,"59","pasture",49,7,0,0,23,14,0,93
"249","HP.2.A.6.2017",2017,"A","HP",2,"6","pasture",35,6,0,0,21,20,1,83
"250","HP.2.A.71.2016",2016,"A","HP",2,"71","pasture",43,10,0,0,36,8,0,97
"251","HP.2.A.8.2015",2015,"A","HP",2,"8","pasture",32,10,0,5,48,5,0,100
"252","HP.2.A.80.2016",2016,"A","HP",2,"80","pasture",48,13,0,0,35,5,1,102
"253","HP.2.B.15.2016",2016,"B","HP",2,"15","pasture",64,7,0,0,39,6,1,117
"254","HP.2.B.29.2017",2017,"B","HP",2,"29","pasture",44,10,0,0,7,14,0,75
"255","HP.2.B.35.2016",2016,"B","HP",2,"35","pasture",31,17,1,0,14,15,0,78
"256","HP.2.B.53.2015",2015,"B","HP",2,"53","pasture",56,12,0,0,24,27,0,119
"257","HP.2.B.59.2015",2015,"B","HP",2,"59","pasture",40,2,0,0,16,0,0,58
"258","HP.2.B.6.2015",2015,"B","HP",2,"6","pasture",42,13,0,0,5,0,0,60
"259","HP.2.B.71.2017",2017,"B","HP",2,"71","pasture",51,6,0,0,7,15,5,84
"260","HP.2.B.8.2016",2016,"B","HP",2,"8","pasture",43,8,0,0,7,14,1,73
"261","HP.2.B.80.2017",2017,"B","HP",2,"80","pasture",60,12,0,0,20,8,0,100
"262","HP.2.C.15.2017",2017,"C","HP",2,"15","pasture",38,33,0,0,30,14,0,115
"263","HP.2.C.29.2015",2015,"C","HP",2,"29","pasture",50,16,0,0,7,14,0,87
"264","HP.2.C.33.2016",2016,"C","HP",2,"33","pasture",51,21,0,0,28,14,0,114
"265","HP.2.C.35.2017",2017,"C","HP",2,"35","pasture",39,30,0,0,38,14,0,121
"266","HP.2.C.59.2016",2016,"C","HP",2,"59","pasture",51,35,0,0,23,14,0,123
"267","HP.2.C.6.2016",2016,"C","HP",2,"6","pasture",37,28,0,0,30,11,0,106
"268","HP.2.C.71.2015",2015,"C","HP",2,"71","pasture",43,31,0,0,38,2,0,114
"269","HP.2.C.8.2017",2017,"C","HP",2,"8","pasture",54,36,0,0,37,18,0,145
"270","HP.2.C.80.2015",2015,"C","HP",2,"80","pasture",36,21,0,0,12,0,0,69
"271","HP.3.A.3.2017",2017,"A","HP",3,"3","pasture",24,6,0,0,18,14,0,62
"272","HP.3.A.31.2015",2015,"A","HP",3,"31","pasture",31,7,0,13,7,7,0,65
"273","HP.3.A.47.2015",2015,"A","HP",3,"47","pasture",50,18,0,22,0,17,0,107
"274","HP.3.A.52.2016",2016,"A","HP",3,"52","pasture",27,13,0,4,47,4,2,97
"275","HP.3.A.7.2016",2016,"A","HP",3,"7","pasture",35,10,0,13,7,6,1,72
"276","HP.3.A.73.2017",2017,"A","HP",3,"73","pasture",31,5,0,0,19,18,2,75
"277","HP.3.A.74.2015",2015,"A","HP",3,"74","pasture",40,9,0,17,27,5,0,98
"278","HP.3.A.82.2016",2016,"A","HP",3,"82","pasture",47,10,0,2,11,21,1,92
"279","HP.3.A.88.2017",2017,"A","HP",3,"88","pasture",44,13,0,0,30,6,1,94
"280","HP.3.B.3.2015",2015,"B","HP",3,"3","pasture",48,9,0,3,23,15,0,98
"281","HP.3.B.31.2016",2016,"B","HP",3,"31","pasture",44,17,0,0,23,1,0,85
"282","HP.3.B.47.2016",2016,"B","HP",3,"47","pasture",51,14,0,0,28,14,0,107
"283","HP.3.B.52.2017",2017,"B","HP",3,"52","pasture",43,12,0,0,7,8,0,70
"284","HP.3.B.7.2017",2017,"B","HP",3,"7","pasture",33,15,0,0,21,14,1,84
"285","HP.3.B.73.2015",2015,"B","HP",3,"73","pasture",74,21,0,15,36,0,0,146
"286","HP.3.B.74.2016",2016,"B","HP",3,"74","pasture",46,21,0,0,30,2,0,99
"287","HP.3.B.82.2017",2017,"B","HP",3,"82","pasture",44,12,0,0,28,14,1,99
"288","HP.3.B.88.2015",2015,"B","HP",3,"88","pasture",47,10,0,10,30,2,0,99
"289","HP.3.C.3.2016",2016,"C","HP",3,"3","pasture",49,30,0,0,28,8,0,115
"290","HP.3.C.31.2017",2017,"C","HP",3,"31","pasture",27,25,0,0,35,14,0,101
"291","HP.3.C.47.2017",2017,"C","HP",3,"47","pasture",55,8,0,0,38,14,0,115
"292","HP.3.C.52.2015",2015,"C","HP",3,"52","pasture",20,18,0,7,48,14,0,107
"293","HP.3.C.7.2015",2015,"C","HP",3,"7","pasture",21,15,0,13,49,2,0,100
"294","HP.3.C.73.2016",2016,"C","HP",3,"73","pasture",39,22,0,0,28,14,0,103
"295","HP.3.C.74.2017",2017,"C","HP",3,"74","pasture",32,17,0,0,36,14,0,99
"296","HP.3.C.82.2015",2015,"C","HP",3,"82","pasture",35,13,0,0,30,17,0,95
"297","HP.3.C.88.2016",2016,"C","HP",3,"88","pasture",14,10,0,0,23,5,0,52
"298","HP.4.A.19.2017",2017,"A","HP",4,"19","pasture",50,10,0,0,12,11,1,84
"299","HP.4.A.2.2017",2017,"A","HP",4,"2","pasture",45,6,0,0,16,16,1,84
"300","HP.4.A.38.2017",2017,"A","HP",4,"38","pasture",51,6,0,0,30,4,0,91
"301","HP.4.A.58.2016",2016,"A","HP",4,"58","pasture",38,9,0,6,13,11,1,78
"302","HP.4.A.65.2016",2016,"A","HP",4,"65","pasture",66,10,0,0,3,5,0,84
"303","HP.4.A.67.2015",2015,"A","HP",4,"67","pasture",44,7,0,0,9,2,0,62
"304","HP.4.A.73.2016",2016,"A","HP",4,"73","pasture",55,8,0,3,37,2,0,105
"305","HP.4.A.84.2015",2015,"A","HP",4,"84","pasture",20,14,0,7,13,22,0,76
"306","HP.4.A.9.2015",2015,"A","HP",4,"9","pasture",32,4,0,12,16,11,0,75
"307","HP.4.B.19.2015",2015,"B","HP",4,"19","pasture",51,12,0,2,28,14,0,107
"308","HP.4.B.2.2015",2015,"B","HP",4,"2","pasture",38,6,0,13,23,1,0,81
"309","HP.4.B.24.2016",2016,"B","HP",4,"24","pasture",64,16,0,0,35,14,0,129
"310","HP.4.B.38.2015",2015,"B","HP",4,"38","pasture",44,7,0,1,16,16,1,85
"311","HP.4.B.58.2017",2017,"B","HP",4,"58","pasture",38,11,0,0,35,14,0,98
"312","HP.4.B.65.2017",2017,"B","HP",4,"65","pasture",33,14,0,0,28,5,0,80
"313","HP.4.B.67.2016",2016,"B","HP",4,"67","pasture",59,6,0,0,25,14,0,104
"314","HP.4.B.73.2017",2017,"B","HP",4,"73","pasture",46,6,0,0,30,6,0,88
"315","HP.4.B.9.2016",2016,"B","HP",4,"9","pasture",63,10,0,0,38,18,0,129
"316","HP.4.C.19.2016",2016,"C","HP",4,"19","pasture",45,14,0,0,28,5,0,92
"317","HP.4.C.2.2016",2016,"C","HP",4,"2","pasture",43,14,0,0,16,14,0,87
"318","HP.4.C.24.2017",2017,"C","HP",4,"24","pasture",36,10,0,0,30,2,0,78
"319","HP.4.C.3.2015",2015,"C","HP",4,"3","pasture",33,21,0,0,36,14,0,104
"320","HP.4.C.38.2016",2016,"C","HP",4,"38","pasture",50,14,0,0,16,5,0,85
"321","HP.4.C.58.2015",2015,"C","HP",4,"58","pasture",21,14,0,1,35,5,0,76
"322","HP.4.C.65.2015",2015,"C","HP",4,"65","pasture",26,12,0,0,35,14,0,87
"323","HP.4.C.67.2017",2017,"C","HP",4,"67","pasture",49,31,0,0,35,16,1,132
"324","HP.4.C.9.2017",2017,"C","HP",4,"9","pasture",55,19,0,0,23,14,0,111
"325","HP.5.A.10.2015",2015,"A","HP",5,"10","pasture",47,8,0,5,16,13,1,90
"326","HP.5.A.10.2017",2017,"A","HP",5,"10","pasture",17,8,0,0,12,30,0,67
"327","HP.5.A.14.2016",2016,"A","HP",5,"14","pasture",18,7,0,0,48,2,0,75
"328","HP.5.A.28.2016",2016,"A","HP",5,"28","pasture",28,12,0,4,28,15,0,87
"329","HP.5.A.29.2017",2017,"A","HP",5,"29","pasture",39,9,0,0,20,6,2,76
"330","HP.5.A.41.2016",2016,"A","HP",5,"41","pasture",46,16,0,0,24,12,3,101
"331","HP.5.A.78.2015",2015,"A","HP",5,"78","pasture",39,15,0,2,42,6,0,104
"332","HP.5.A.83.2015",2015,"A","HP",5,"83","pasture",35,17,1,0,5,22,0,80
"333","HP.5.A.NA.2017",2017,"A","HP",5,NA,"pasture",46,14,0,0,2,7,0,69
"334","HP.5.B.10.2015",2015,"B","HP",5,"10","pasture",35,10,0,2,7,2,0,56
"335","HP.5.B.10.2016",2016,"B","HP",5,"10","pasture",61,17,0,0,3,3,1,85
"336","HP.5.B.14.2017",2017,"B","HP",5,"14","pasture",35,10,0,0,16,5,1,67
"337","HP.5.B.28.2017",2017,"B","HP",5,"28","pasture",28,14,0,0,20,17,0,79
"338","HP.5.B.29.2015",2015,"B","HP",5,"29","pasture",58,13,0,0,28,2,0,101
"339","HP.5.B.41.2017",2017,"B","HP",5,"41","pasture",44,6,0,0,30,14,0,94
"340","HP.5.B.78.2016",2016,"B","HP",5,"78","pasture",51,7,0,1,42,12,1,114
"341","HP.5.B.80.2015",2015,"B","HP",5,"80","pasture",55,18,0,0,30,1,0,104
"342","HP.5.B.83.2016",2016,"B","HP",5,"83","pasture",31,10,0,0,38,5,1,85
"343","HP.5.C.10.2016",2016,"C","HP",5,"10","pasture",24,33,0,0,16,5,0,78
"344","HP.5.C.10.2017",2017,"C","HP",5,"10","pasture",42,32,0,0,35,14,0,123
"345","HP.5.C.14.2015",2015,"C","HP",5,"14","pasture",32,25,0,10,9,6,0,82
"346","HP.5.C.28.2015",2015,"C","HP",5,"28","pasture",38,25,0,0,12,15,0,90
"347","HP.5.C.29.2016",2016,"C","HP",5,"29","pasture",32,24,0,0,43,8,0,107
"348","HP.5.C.41.2015",2015,"C","HP",5,"41","pasture",61,9,0,13,16,11,0,110
"349","HP.5.C.78.2017",2017,"C","HP",5,"78","pasture",29,24,0,0,38,11,0,102
"350","HP.5.C.80.2016",2016,"C","HP",5,"80","pasture",25,13,0,0,35,5,0,78
"351","HP.5.C.83.2017",2017,"C","HP",5,"83","pasture",36,27,0,0,35,14,0,112
"352","HP.6.A.13.2015",2015,"A","HP",6,"13","pasture",22,4,0,16,12,11,0,65
"353","HP.6.A.3.2016",2016,"A","HP",6,"3","pasture",33,15,1,0,0,3,0,52
"354","HP.6.A.47.2017",2017,"A","HP",6,"47","pasture",51,8,0,0,21,6,0,86
"355","HP.6.A.48.2017",2017,"A","HP",6,"48","pasture",51,15,1,0,7,6,0,80
"356","HP.6.A.79.2016",2016,"A","HP",6,"79","pasture",42,8,1,0,42,4,1,98
"357","HP.6.A.83.2015",2015,"A","HP",6,"83","pasture",27,8,0,11,29,6,0,81
"358","HP.6.A.84.2015",2015,"A","HP",6,"84","pasture",10,7,0,8,45,0,0,70
"359","HP.6.A.86.2017",2017,"A","HP",6,"86","pasture",49,7,0,0,23,6,0,85
"360","HP.6.A.96.2016",2016,"A","HP",6,"96","pasture",40,9,0,0,19,7,1,76
"361","HP.6.B.13.2016",2016,"B","HP",6,"13","pasture",48,16,0,0,38,9,0,111
"362","HP.6.B.3.2017",2017,"B","HP",6,"3","pasture",43,22,0,0,36,14,0,115
"363","HP.6.B.48a.2015",2015,"B","HP",6,"48a","pasture",51,17,0,0,23,15,0,106
"364","HP.6.B.48b.2015",2015,"B","HP",6,"48b","pasture",37,17,0,0,0,14,0,68
"365","HP.6.B.79.2017",2017,"B","HP",6,"79","pasture",67,26,0,0,36,2,0,131
"366","HP.6.B.84.2016",2016,"B","HP",6,"84","pasture",69,8,0,0,35,7,0,119
"367","HP.6.B.85.2016",2016,"B","HP",6,"85","pasture",50,7,0,0,38,6,0,101
"368","HP.6.B.86.2015",2015,"B","HP",6,"86","pasture",40,17,0,7,16,17,0,97
"369","HP.6.B.96.2017",2017,"B","HP",6,"96","pasture",27,9,0,0,23,14,0,73
"370","HP.6.C.13.2017",2017,"C","HP",6,"13","pasture",18,32,0,0,23,2,0,75
"371","HP.6.C.3.2015",2015,"C","HP",6,"3","pasture",40,20,0,13,16,2,0,91
"372","HP.6.C.47.2016",2016,"C","HP",6,"47","pasture",35,35,1,0,9,7,0,87
"373","HP.6.C.48.2016",2016,"C","HP",6,"48","pasture",10,43,0,0,12,8,1,74
"374","HP.6.C.79.2015",2015,"C","HP",6,"79","pasture",32,20,0,0,20,7,0,79
"375","HP.6.C.84.2017",2017,"C","HP",6,"84","pasture",38,46,0,0,23,16,1,124
"376","HP.6.C.85.2017",2017,"C","HP",6,"85","pasture",70,55,0,0,28,18,0,171
"377","HP.6.C.86.2016",2016,"C","HP",6,"86","pasture",45,59,0,0,33,24,0,161
"378","HP.6.C.96.2015",2015,"C","HP",6,"96","pasture",21,19,0,0,23,8,0,71
"379","HP.7.A.17.2017",2017,"A","HP",7,"17","pasture",57,7,0,0,23,13,1,101
"380","HP.7.A.24.2016",2016,"A","HP",7,"24","pasture",47,22,1,0,16,14,0,100
"381","HP.7.A.24.2017",2017,"A","HP",7,"24","pasture",32,7,0,0,24,16,0,79
"382","HP.7.A.33.2017",2017,"A","HP",7,"33","pasture",52,8,2,0,28,5,0,95
"383","HP.7.A.50.2015",2015,"A","HP",7,"50","pasture",43,12,0,12,16,22,0,105
"384","HP.7.A.59.2015",2015,"A","HP",7,"59","pasture",40,2,0,11,16,22,0,91
"385","HP.7.A.63.2016",2016,"A","HP",7,"63","pasture",60,8,0,0,30,8,0,106
"386","HP.7.A.98.2015",2015,"A","HP",7,"98","pasture",48,8,0,10,24,1,0,91
"387","HP.7.A.99.2016",2016,"A","HP",7,"99","pasture",53,9,0,0,7,20,0,89
"388","HP.7.B.17.2015",2015,"B","HP",7,"17","pasture",29,24,0,4,39,17,0,113
"389","HP.7.B.24.2015",2015,"B","HP",7,"24","pasture",46,12,0,1,36,4,0,99
"390","HP.7.B.24.2017",2017,"B","HP",7,"24","pasture",40,12,0,0,28,5,0,85
"391","HP.7.B.33.2015",2015,"B","HP",7,"33","pasture",42,30,0,0,28,8,0,108
"392","HP.7.B.50.2016",2016,"B","HP",7,"50","pasture",26,11,0,0,30,2,0,69
"393","HP.7.B.59.2016",2016,"B","HP",7,"59","pasture",55,28,0,0,30,14,1,128
"394","HP.7.B.63.2017",2017,"B","HP",7,"63","pasture",48,34,0,0,20,27,2,131
"395","HP.7.B.98.2016",2016,"B","HP",7,"98","pasture",34,38,0,0,30,12,0,114
"396","HP.7.B.99.2017",2017,"B","HP",7,"99","pasture",51,14,0,0,28,8,1,102
"397","HP.7.C.17.2016",2016,"C","HP",7,"17","pasture",43,23,0,0,7,17,0,90
"398","HP.7.C.24.2015",2015,"C","HP",7,"24","pasture",29,24,0,0,40,1,0,94
"399","HP.7.C.24.2016",2016,"C","HP",7,"24","pasture",19,14,0,0,34,11,0,78
"400","HP.7.C.33.2016",2016,"C","HP",7,"33","pasture",23,17,0,0,45,17,0,102
"401","HP.7.C.50.2017",2017,"C","HP",7,"50","pasture",46,11,0,0,28,19,1,105
"402","HP.7.C.59.2017",2017,"C","HP",7,"59","pasture",26,24,0,0,21,27,0,98
"403","HP.7.C.63.2015",2015,"C","HP",7,"63","pasture",33,31,0,0,40,6,1,111
"404","HP.7.C.98.2017",2017,"C","HP",7,"98","pasture",32,20,0,0,16,28,2,98
"405","HP.7.C.99.2015",2015,"C","HP",7,"99","pasture",27,22,0,0,46,7,0,102
"406","HP.8.A.12.2016",2016,"A","HP",8,"12","pasture",40,9,0,6,7,2,0,64
"407","HP.8.A.16.2015",2015,"A","HP",8,"16","pasture",45,14,0,13,12,2,0,86
"408","HP.8.A.31.2016",2016,"A","HP",8,"31","pasture",15,19,0,0,28,9,0,71
"409","HP.8.A.42.2015",2015,"A","HP",8,"42","pasture",61,19,0,0,34,7,0,121
"410","HP.8.A.45.2017",2017,"A","HP",8,"45","pasture",30,7,0,0,19,14,0,70
"411","HP.8.A.47.2016",2016,"A","HP",8,"47","pasture",40,9,0,0,8,15,0,72
"412","HP.8.A.53.2015",2015,"A","HP",8,"53","pasture",37,8,0,7,20,14,0,86
"413","HP.8.A.66.2017",2017,"A","HP",8,"66","pasture",54,11,0,0,21,5,1,92
"414","HP.8.A.91.2017",2017,"A","HP",8,"91","pasture",48,5,0,0,16,0,1,70
"415","HP.8.B.12.2017",2017,"B","HP",8,"12","pasture",45,24,0,0,20,23,0,112
"416","HP.8.B.16.2016",2016,"B","HP",8,"16","pasture",29,26,0,0,55,16,0,126
"417","HP.8.B.31.2017",2017,"B","HP",8,"31","pasture",40,34,0,0,28,27,2,131
"418","HP.8.B.42.2016",2016,"B","HP",8,"42","pasture",43,15,0,0,12,21,0,91
"419","HP.8.B.45.2015",2015,"B","HP",8,"45","pasture",60,31,0,13,16,5,0,125
"420","HP.8.B.47.2017",2017,"B","HP",8,"47","pasture",21,34,0,0,35,9,0,99
"421","HP.8.B.53.2016",2016,"B","HP",8,"53","pasture",35,25,0,0,25,23,0,108
"422","HP.8.B.66.2015",2015,"B","HP",8,"66","pasture",13,43,0,10,28,3,0,97
"423","HP.8.B.91.2015",2015,"B","HP",8,"91","pasture",25,14,0,0,38,3,0,80
"424","HP.8.C.12.2015",2015,"C","HP",8,"12","pasture",39,26,0,13,30,5,0,113
"425","HP.8.C.16.2017",2017,"C","HP",8,"16","pasture",36,34,0,0,30,22,1,123
"426","HP.8.C.37.2015",2015,"C","HP",8,"37","pasture",28,25,0,0,28,17,0,98
"427","HP.8.C.41.2015",2015,"C","HP",8,"41","pasture",23,24,0,0,36,2,0,85
"428","HP.8.C.42.2017",2017,"C","HP",8,"42","pasture",59,25,0,0,20,27,0,131
"429","HP.8.C.45.2016",2016,"C","HP",8,"45","pasture",29,24,0,0,23,10,1,87
"430","HP.8.C.53.2017",2017,"C","HP",8,"53","pasture",60,17,0,0,23,16,0,116
"431","HP.8.C.66.2016",2016,"C","HP",8,"66","pasture",53,22,0,0,20,25,0,120
"432","HP.8.C.91.2016",2016,"C","HP",8,"91","pasture",37,29,0,0,7,19,0,92
"433","LM.1.A.11.2016",2016,"A","LM",1,"11","meadow",65,62,0,0,0,0,0,127
"434","LM.1.A.20.2017",2017,"A","LM",1,"20","meadow",76,83,0,0,16,0,0,175
"435","LM.1.A.35.2017",2017,"A","LM",1,"35","meadow",68,54,0,0,1,1,0,124
"436","LM.1.A.44.2016",2016,"A","LM",1,"44","meadow",65,49,0,0,0,0,0,114
"437","LM.1.A.51.2015",2015,"A","LM",1,"51","meadow",55,53,0,0,20,0,0,128
"438","LM.1.A.61.2015",2015,"A","LM",1,"61","meadow",49,57,0,0,20,16,0,142
"439","LM.1.A.64.2015",2015,"A","LM",1,"64","meadow",39,58,0,0,23,0,0,120
"440","LM.1.A.85.2017",2017,"A","LM",1,"85","meadow",59,57,0,0,20,1,0,137
"441","LM.1.A.91.2016",2016,"A","LM",1,"91","meadow",74,38,0,0,0,0,0,112
"442","LM.1.B.11.2017",2017,"B","LM",1,"11","meadow",65,64,0,0,12,5,0,146
"443","LM.1.B.20.2015",2015,"B","LM",1,"20","meadow",54,69,1,0,20,1,0,145
"444","LM.1.B.35.2015",2015,"B","LM",1,"35","meadow",49,56,0,0,20,1,0,126
"445","LM.1.B.44.2017",2017,"B","LM",1,"44","meadow",36,68,0,0,7,0,0,111
"446","LM.1.B.51.2016",2016,"B","LM",1,"51","meadow",59,72,0,0,12,5,0,148
"447","LM.1.B.54.2016",2016,"B","LM",1,"54","meadow",60,40,0,0,16,5,0,121
"448","LM.1.B.61.2016",2016,"B","LM",1,"61","meadow",42,65,1,0,3,8,0,119
"449","LM.1.B.85.2015",2015,"B","LM",1,"85","meadow",54,54,0,0,28,5,0,141
"450","LM.1.B.91.2017",2017,"B","LM",1,"91","meadow",67,77,0,0,45,0,0,189
"451","LM.1.C.11.2015",2015,"C","LM",1,"11","meadow",64,51,0,0,16,6,0,137
"452","LM.1.C.20.2016",2016,"C","LM",1,"20","meadow",65,32,1,0,5,0,0,103
"453","LM.1.C.35.2016",2016,"C","LM",1,"35","meadow",63,58,1,0,3,0,0,125
"454","LM.1.C.44.2015",2015,"C","LM",1,"44","meadow",58,52,0,0,3,1,0,114
"455","LM.1.C.51.2017",2017,"C","LM",1,"51","meadow",84,43,1,0,42,5,0,175
"456","LM.1.C.54.2017",2017,"C","LM",1,"54","meadow",55,62,0,0,19,5,0,141
"457","LM.1.C.61.2017",2017,"C","LM",1,"61","meadow",55,62,0,0,3,1,0,121
"458","LM.1.C.86.2016",2016,"C","LM",1,"86","meadow",70,70,0,0,45,0,0,185
"459","LM.1.C.91.2015",2015,"C","LM",1,"91","meadow",79,55,0,0,12,5,0,151
"460","LM.2.A.15.2015",2015,"A","LM",2,"15","meadow",60,76,0,0,28,5,0,169
"461","LM.2.A.29.2016",2016,"A","LM",2,"29","meadow",49,55,0,0,16,2,1,123
"462","LM.2.A.35.2015",2015,"A","LM",2,"35","meadow",76,50,0,0,23,0,0,149
"463","LM.2.A.53.2017",2017,"A","LM",2,"53","meadow",29,85,0,0,30,0,0,144
"464","LM.2.A.59.2017",2017,"A","LM",2,"59","meadow",55,57,0,0,23,5,0,140
"465","LM.2.A.6.2017",2017,"A","LM",2,"6","meadow",66,80,0,0,20,8,0,174
"466","LM.2.A.71.2016",2016,"A","LM",2,"71","meadow",51,72,0,0,23,5,0,151
"467","LM.2.A.8.2015",2015,"A","LM",2,"8","meadow",66,58,0,0,23,1,0,148
"468","LM.2.A.80.2016",2016,"A","LM",2,"80","meadow",69,52,0,0,15,8,0,144
"469","LM.2.B.15.2016",2016,"B","LM",2,"15","meadow",57,39,0,0,45,0,0,141
"470","LM.2.B.29.2017",2017,"B","LM",2,"29","meadow",69,80,1,0,42,5,0,197
"471","LM.2.B.35.2016",2016,"B","LM",2,"35","meadow",79,65,0,0,7,11,0,162
"472","LM.2.B.56.2015",2015,"B","LM",2,"56","meadow",75,66,1,0,28,5,0,175
"473","LM.2.B.59.2015",2015,"B","LM",2,"59","meadow",62,71,1,0,16,1,0,151
"474","LM.2.B.6.2015",2015,"B","LM",2,"6","meadow",65,88,0,0,20,1,0,174
"475","LM.2.B.71.2017",2017,"B","LM",2,"71","meadow",58,52,1,0,45,5,0,161
"476","LM.2.B.8.2016",2016,"B","LM",2,"8","meadow",43,63,0,0,3,8,0,117
"477","LM.2.B.80.2017",2017,"B","LM",2,"80","meadow",65,68,0,0,3,5,0,141
"478","LM.2.C.15.2017",2017,"C","LM",2,"15","meadow",43,55,0,0,34,0,0,132
"479","LM.2.C.29.2015",2015,"C","LM",2,"29","meadow",54,78,0,0,29,1,0,162
"480","LM.2.C.32.2016",2016,"C","LM",2,"32","meadow",76,62,0,0,3,0,0,141
"481","LM.2.C.35.2017",2017,"C","LM",2,"35","meadow",88,77,0,0,19,0,0,184
"482","LM.2.C.59.2016",2016,"C","LM",2,"59","meadow",55,76,0,0,23,0,0,154
"483","LM.2.C.6.2016",2016,"C","LM",2,"6","meadow",70,44,0,0,7,8,0,129
"484","LM.2.C.71.2015",2015,"C","LM",2,"71","meadow",50,71,0,0,20,0,0,141
"485","LM.2.C.8.2017",2017,"C","LM",2,"8","meadow",68,69,0,0,3,0,0,140
"486","LM.2.C.80.2015",2015,"C","LM",2,"80","meadow",65,60,0,0,28,5,0,158
"487","LM.3.A.3.2017",2017,"A","LM",3,"3","meadow",82,85,0,0,34,5,0,206
"488","LM.3.A.31.2015",2015,"A","LM",3,"31","meadow",71,51,0,0,29,5,1,157
"489","LM.3.A.47.2015",2015,"A","LM",3,"47","meadow",55,66,0,0,20,5,0,146
"490","LM.3.A.52.2016",2016,"A","LM",3,"52","meadow",65,71,0,0,12,0,0,148
"491","LM.3.A.7.2016",2016,"A","LM",3,"7","meadow",67,53,0,0,23,0,0,143
"492","LM.3.A.73.2017",2017,"A","LM",3,"73","meadow",61,76,0,0,12,1,0,150
"493","LM.3.A.74.2015",2015,"A","LM",3,"74","meadow",35,86,0,0,23,5,1,150
"494","LM.3.A.82.2016",2016,"A","LM",3,"82","meadow",40,67,0,0,18,0,0,125
"495","LM.3.A.88.2017",2017,"A","LM",3,"88","meadow",44,59,0,0,20,0,0,123
"496","LM.3.B.3.2015",2015,"B","LM",3,"3","meadow",55,70,0,0,23,1,0,149
"497","LM.3.B.31.2016",2016,"B","LM",3,"31","meadow",49,51,0,0,12,5,0,117
"498","LM.3.B.47.2016",2016,"B","LM",3,"47","meadow",49,55,0,0,23,0,0,127
"499","LM.3.B.52.2017",2017,"B","LM",3,"52","meadow",48,88,1,0,5,0,0,142
"500","LM.3.B.7.2017",2017,"B","LM",3,"7","meadow",50,94,3,0,7,0,0,154
"501","LM.3.B.73.2015",2015,"B","LM",3,"73","meadow",54,58,0,0,28,1,0,141
"502","LM.3.B.74.2016",2016,"B","LM",3,"74","meadow",66,54,0,0,7,1,0,128
"503","LM.3.B.82.2017",2017,"B","LM",3,"82","meadow",45,73,0,0,8,14,0,140
"504","LM.3.B.88.2015",2015,"B","LM",3,"88","meadow",65,73,0,0,28,1,1,168
"505","LM.3.C.3.2016",2016,"C","LM",3,"3","meadow",56,58,0,0,42,0,0,156
"506","LM.3.C.31.2017",2017,"C","LM",3,"31","meadow",57,73,0,0,42,3,0,175
"507","LM.3.C.47.2017",2017,"C","LM",3,"47","meadow",53,98,0,0,5,1,0,157
"508","LM.3.C.52.2015",2015,"C","LM",3,"52","meadow",58,64,0,0,23,1,0,146
"509","LM.3.C.7.2015",2015,"C","LM",3,"7","meadow",41,41,0,0,20,5,0,107
"510","LM.3.C.73.2016",2016,"C","LM",3,"73","meadow",55,48,0,0,12,14,0,129
"511","LM.3.C.74.2017",2017,"C","LM",3,"74","meadow",42,83,1,0,7,0,0,133
"512","LM.3.C.82.2015",2015,"C","LM",3,"82","meadow",49,77,0,0,16,1,0,143
"513","LM.3.C.88.2016",2016,"C","LM",3,"88","meadow",93,85,0,0,7,12,0,197
"514","LM.4.A.19.2015",2015,"A","LM",4,"19","meadow",59,49,0,0,28,8,0,144
"515","LM.4.A.19.2017",2017,"A","LM",4,"19","meadow",58,75,0,0,3,0,0,136
"516","LM.4.A.2.2015",2015,"A","LM",4,"2","meadow",78,88,0,0,23,5,0,194
"517","LM.4.A.2.2017",2017,"A","LM",4,"2","meadow",24,82,0,0,42,14,0,162
"518","LM.4.A.38.2015",2015,"A","LM",4,"38","meadow",81,79,0,0,35,5,0,200
"519","LM.4.A.38.2017",2017,"A","LM",4,"38","meadow",57,62,0,0,12,0,0,131
"520","LM.4.A.58.2016",2016,"A","LM",4,"58","meadow",62,46,0,0,16,1,1,126
"521","LM.4.A.65.2016",2016,"A","LM",4,"65","meadow",46,73,0,0,16,1,0,136
"522","LM.4.A.73.2016",2016,"A","LM",4,"73","meadow",53,52,0,0,7,5,0,117
"523","LM.4.B.19.2015",2015,"B","LM",4,"19","meadow",46,64,0,0,23,8,0,141
"524","LM.4.B.2.2015",2015,"B","LM",4,"2","meadow",66,52,1,0,23,1,0,143
"525","LM.4.B.24.2016",2016,"B","LM",4,"24","meadow",68,54,0,0,45,1,0,168
"526","LM.4.B.38.2015",2015,"B","LM",4,"38","meadow",47,47,1,0,23,0,0,118
"527","LM.4.B.58.2017",2017,"B","LM",4,"58","meadow",56,70,0,0,19,1,0,146
"528","LM.4.B.65.2017",2017,"B","LM",4,"65","meadow",60,91,1,0,34,0,0,186
"529","LM.4.B.67.2016",2016,"B","LM",4,"67","meadow",61,72,0,0,3,10,0,146
"530","LM.4.B.73.2017",2017,"B","LM",4,"73","meadow",64,46,0,0,7,14,0,131
"531","LM.4.B.9.2016",2016,"B","LM",4,"9","meadow",70,88,0,0,7,0,1,166
"532","LM.4.C.19.2016",2016,"C","LM",4,"19","meadow",39,23,0,0,34,1,0,97
"533","LM.4.C.2.2016",2016,"C","LM",4,"2","meadow",56,56,0,0,0,1,0,113
"534","LM.4.C.24.2017",2017,"C","LM",4,"24","meadow",50,74,0,0,12,0,0,136
"535","LM.4.C.38.2016",2016,"C","LM",4,"38","meadow",52,70,0,0,34,8,0,164
"536","LM.4.C.58.2015",2015,"C","LM",4,"58","meadow",47,77,0,0,30,0,0,154
"537","LM.4.C.65.2015",2015,"C","LM",4,"65","meadow",55,33,0,0,28,1,0,117
"538","LM.4.C.67.2017",2017,"C","LM",4,"67","meadow",65,99,0,0,45,0,0,209
"539","LM.4.C.73.2015",2015,"C","LM",4,"73","meadow",68,58,0,0,28,1,0,155
"540","LM.4.C.9.2017",2017,"C","LM",4,"9","meadow",44,64,0,0,34,0,0,142
"541","LM.5.A.10.2015",2015,"A","LM",5,"10","meadow",62,66,0,0,30,8,0,166
"542","LM.5.A.10.2017",2017,"A","LM",5,"10","meadow",32,77,0,0,12,0,0,121
"543","LM.5.A.14.2016",2016,"A","LM",5,"14","meadow",83,96,0,0,23,0,0,202
"544","LM.5.A.28.2016",2016,"A","LM",5,"28","meadow",55,48,0,4,16,14,0,137
"545","LM.5.A.29.2017",2017,"A","LM",5,"29","meadow",62,106,0,0,7,5,0,180
"546","LM.5.A.41.2016",2016,"A","LM",5,"41","meadow",67,42,0,0,23,1,0,133
"547","LM.5.A.78.2015",2015,"A","LM",5,"78","meadow",62,83,1,0,28,8,0,182
"548","LM.5.A.80.2017",2017,"A","LM",5,"80","meadow",58,73,0,0,12,0,0,143
"549","LM.5.A.83.2015",2015,"A","LM",5,"83","meadow",74,78,0,0,30,5,0,187
"550","LM.5.B.10.2015",2015,"B","LM",5,"10","meadow",81,69,0,0,0,5,0,155
"551","LM.5.B.10.2016",2016,"B","LM",5,"10","meadow",58,32,0,0,2,1,0,93
"552","LM.5.B.14.2017",2017,"B","LM",5,"14","meadow",59,69,0,0,1,0,0,129
"553","LM.5.B.28.2017",2017,"B","LM",5,"28","meadow",47,74,0,0,7,0,0,128
"554","LM.5.B.29.2015",2015,"B","LM",5,"29","meadow",70,56,0,0,0,1,0,127
"555","LM.5.B.41.2017",2017,"B","LM",5,"41","meadow",39,80,0,0,3,5,0,127
"556","LM.5.B.78.2016",2016,"B","LM",5,"78","meadow",70,44,0,0,7,2,0,123
"557","LM.5.B.80.2015",2015,"B","LM",5,"80","meadow",70,80,0,0,34,14,0,198
"558","LM.5.B.83.2016",2016,"B","LM",5,"83","meadow",72,60,0,0,12,0,0,144
"559","LM.5.C.10.2016",2016,"C","LM",5,"10","meadow",40,48,0,0,0,1,1,90
"560","LM.5.C.10.2017",2017,"C","LM",5,"10","meadow",75,75,0,0,19,8,0,177
"561","LM.5.C.14.2015",2015,"C","LM",5,"14","meadow",16,86,0,0,20,1,0,123
"562","LM.5.C.28.2015",2015,"C","LM",5,"28","meadow",46,66,0,0,7,1,0,120
"563","LM.5.C.29.2016",2016,"C","LM",5,"29","meadow",47,85,0,0,7,0,0,139
"564","LM.5.C.41.2015",2015,"C","LM",5,"41","meadow",43,65,0,0,9,1,0,118
"565","LM.5.C.78.2017",2017,"C","LM",5,"78","meadow",25,48,0,0,20,0,0,93
"566","LM.5.C.80.2016",2016,"C","LM",5,"80","meadow",33,45,0,0,12,1,0,91
"567","LM.5.C.83.2017",2017,"C","LM",5,"83","meadow",62,62,0,0,42,0,0,166
"568","LM.6.A.13.2015",2015,"A","LM",6,"13","meadow",54,72,0,0,30,5,0,161
"569","LM.6.A.3.2016",2016,"A","LM",6,"3","meadow",42,73,0,0,20,5,0,140
"570","LM.6.A.47.2017",2017,"A","LM",6,"47","meadow",59,87,2,0,3,1,0,152
"571","LM.6.A.48.2017",2017,"A","LM",6,"48","meadow",47,65,0,0,5,1,0,118
"572","LM.6.A.79.2016",2016,"A","LM",6,"79","meadow",56,83,1,0,0,14,0,154
"573","LM.6.A.84.2015",2015,"A","LM",6,"84","meadow",62,81,1,0,0,5,0,149
"574","LM.6.A.85.2015",2015,"A","LM",6,"85","meadow",63,91,1,0,0,5,0,160
"575","LM.6.A.86.2017",2017,"A","LM",6,"86","meadow",58,52,1,0,0,1,0,112
"576","LM.6.A.96.2016",2016,"A","LM",6,"96","meadow",45,62,2,0,0,0,0,109
"577","LM.6.B.13.2016",2016,"B","LM",6,"13","meadow",76,53,0,0,42,8,0,179
"578","LM.6.B.3.2017",2017,"B","LM",6,"3","meadow",64,67,0,0,34,1,0,166
"579","LM.6.B.47.2015",2015,"B","LM",6,"47","meadow",50,82,0,0,3,8,0,143
"580","LM.6.B.48.2015",2015,"B","LM",6,"48","meadow",40,93,0,0,20,8,0,161
"581","LM.6.B.79.2017",2017,"B","LM",6,"79","meadow",29,75,0,0,34,6,0,144
"582","LM.6.B.84.2016",2016,"B","LM",6,"84","meadow",46,58,0,0,45,8,0,157
"583","LM.6.B.85.2016",2016,"B","LM",6,"85","meadow",28,81,0,0,37,15,0,161
"584","LM.6.B.86.2015",2015,"B","LM",6,"86","meadow",60,88,0,0,7,14,0,169
"585","LM.6.B.96.2017",2017,"B","LM",6,"96","meadow",39,83,0,0,12,5,0,139
"586","LM.6.C.13.2017",2017,"C","LM",6,"13","meadow",57,97,0,0,9,1,0,164
"587","LM.6.C.3.2015",2015,"C","LM",6,"3","meadow",70,69,0,0,30,5,0,174
"588","LM.6.C.47.2016",2016,"C","LM",6,"47","meadow",52,82,0,0,0,5,0,139
"589","LM.6.C.48.2016",2016,"C","LM",6,"48","meadow",73,67,0,0,3,0,0,143
"590","LM.6.C.79.2015",2015,"C","LM",6,"79","meadow",66,85,0,0,3,5,0,159
"591","LM.6.C.84.2017",2017,"C","LM",6,"84","meadow",56,47,0,0,7,14,0,124
"592","LM.6.C.85.2017",2017,"C","LM",6,"85","meadow",56,72,0,0,5,0,0,133
"593","LM.6.C.86.2016",2016,"C","LM",6,"86","meadow",57,51,0,0,0,0,0,108
"594","LM.6.C.96.2015",2015,"C","LM",6,"96","meadow",61,56,0,0,20,8,0,145
"595","LM.7.A.17.2017",2017,"A","LM",7,"17","meadow",71,100,0,0,11,8,0,190
"596","LM.7.A.24.2016",2016,"A","LM",7,"24","meadow",72,51,0,0,7,0,0,130
"597","LM.7.A.24.2017",2017,"A","LM",7,"24","meadow",41,65,0,0,13,1,0,120
"598","LM.7.A.33.2017",2017,"A","LM",7,"33","meadow",40,72,0,0,23,1,0,136
"599","LM.7.A.50.2015",2015,"A","LM",7,"50","meadow",56,26,0,0,0,11,0,93
"600","LM.7.A.59.2015",2015,"A","LM",7,"59","meadow",46,53,0,0,23,1,0,123
"601","LM.7.A.63.2016",2016,"A","LM",7,"63","meadow",68,65,0,0,7,10,0,150
"602","LM.7.A.98.2015",2015,"A","LM",7,"98","meadow",60,86,0,0,30,5,0,181
"603","LM.7.A.99.2016",2016,"A","LM",7,"99","meadow",76,57,0,0,17,0,0,150
"604","LM.7.B.17.2015",2015,"B","LM",7,"17","meadow",61,62,0,0,8,14,0,145
"605","LM.7.B.24.2015",2015,"B","LM",7,"24","meadow",26,51,0,0,3,1,0,81
"606","LM.7.B.33.2015",2015,"B","LM",7,"33","meadow",45,70,0,0,42,1,0,158
"607","LM.7.B.50.2016",2016,"B","LM",7,"50","meadow",82,64,0,0,3,0,0,149
"608","LM.7.B.50.2017",2017,"B","LM",7,"50","meadow",42,73,0,0,7,0,0,122
"609","LM.7.B.59.2016",2016,"B","LM",7,"59","meadow",71,68,0,0,12,8,0,159
"610","LM.7.B.59.2017",2017,"B","LM",7,"59","meadow",58,78,0,0,12,0,0,148
"611","LM.7.B.98.2016",2016,"B","LM",7,"98","meadow",85,95,0,0,0,8,0,188
"612","LM.7.B.98.2017",2017,"B","LM",7,"98","meadow",45,101,0,0,0,14,0,160
"613","LM.7.C.17.2016",2016,"C","LM",7,"17","meadow",56,56,0,0,42,5,0,159
"614","LM.7.C.24.2015",2015,"C","LM",7,"24","meadow",67,47,0,0,12,5,0,131
"615","LM.7.C.24.2016",2016,"C","LM",7,"24","meadow",37,53,0,0,34,1,0,125
"616","LM.7.C.24.2017",2017,"C","LM",7,"24","meadow",49,79,0,0,7,14,0,149
"617","LM.7.C.33.2016",2016,"C","LM",7,"33","meadow",36,41,0,0,34,5,0,116
"618","LM.7.C.63.2015",2015,"C","LM",7,"63","meadow",63,30,0,0,12,1,0,106
"619","LM.7.C.63.2017",2017,"C","LM",7,"63","meadow",41,58,0,0,3,0,0,102
"620","LM.7.C.99.2015",2015,"C","LM",7,"99","meadow",66,54,0,0,20,1,0,141
"621","LM.7.C.99.2017",2017,"C","LM",7,"99","meadow",51,76,0,0,12,14,0,153
"622","LM.8.A.12.2016",2016,"A","LM",8,"12","meadow",56,40,0,0,0,1,0,97
"623","LM.8.A.16.2015",2015,"A","LM",8,"16","meadow",66,55,1,0,0,5,0,127
"624","LM.8.A.31.2016",2016,"A","LM",8,"31","meadow",59,63,0,0,45,0,0,167
"625","LM.8.A.42.2015",2015,"A","LM",8,"42","meadow",55,60,0,0,7,5,0,127
"626","LM.8.A.45.2017",2017,"A","LM",8,"45","meadow",97,78,0,0,0,14,0,189
"627","LM.8.A.47.2016",2016,"A","LM",8,"47","meadow",41,42,0,0,0,1,1,85
"628","LM.8.A.66.2017",2017,"A","LM",8,"66","meadow",67,81,0,0,0,1,0,149
"629","LM.8.A.73.2015",2015,"A","LM",8,"73","meadow",72,73,0,0,20,5,0,170
"630","LM.8.A.91.2017",2017,"A","LM",8,"91","meadow",62,59,0,0,0,5,0,126
"631","LM.8.B.12.2017",2017,"B","LM",8,"12","meadow",64,48,0,0,34,0,0,146
"632","LM.8.B.16.2016",2016,"B","LM",8,"16","meadow",44,46,0,0,16,5,0,111
"633","LM.8.B.31.2017",2017,"B","LM",8,"31","meadow",39,77,0,0,2,1,0,119
"634","LM.8.B.42.2016",2016,"B","LM",8,"42","meadow",66,50,0,0,3,0,0,119
"635","LM.8.B.45.2015",2015,"B","LM",8,"45","meadow",68,47,0,0,42,14,0,171
"636","LM.8.B.47.2017",2017,"B","LM",8,"47","meadow",51,76,0,0,3,1,0,131
"637","LM.8.B.53.2016",2016,"B","LM",8,"53","meadow",60,28,0,0,34,8,0,130
"638","LM.8.B.66.2015",2015,"B","LM",8,"66","meadow",64,55,0,0,3,1,0,123
"639","LM.8.B.91.2015",2015,"B","LM",8,"91","meadow",68,58,0,0,3,14,0,143
"640","LM.8.C.12.2015",2015,"C","LM",8,"12","meadow",49,49,0,0,12,1,0,111
"641","LM.8.C.16.2017",2017,"C","LM",8,"16","meadow",79,44,0,0,7,0,0,130
"642","LM.8.C.31.2015",2015,"C","LM",8,"31","meadow",62,57,0,0,28,5,0,152
"643","LM.8.C.42.2017",2017,"C","LM",8,"42","meadow",48,85,0,0,7,1,0,141
"644","LM.8.C.45.2016",2016,"C","LM",8,"45","meadow",53,41,0,0,7,14,0,115
"645","LM.8.C.47.2015",2015,"C","LM",8,"47","meadow",55,61,0,0,2,7,0,125
"646","LM.8.C.53.2017",2017,"C","LM",8,"53","meadow",58,78,0,0,4,2,0,142
"647","LM.8.C.66.2016",2016,"C","LM",8,"66","meadow",38,83,0,0,11,14,0,146
"648","LM.8.C.91.2016",2016,"C","LM",8,"91","meadow",77,74,0,0,34,5,0,190
"649","VP.1.A.20.2017",2017,"A","VP",1,"20","pasture",49,26,0,5,28,16,0,124
"650","VP.1.A.29.2016",2016,"A","VP",1,"29","pasture",52,36,0,0,12,31,0,131
"651","VP.1.A.35.2017",2017,"A","VP",1,"35","pasture",59,18,0,4,16,9,0,106
"652","VP.1.A.51.2015",2015,"A","VP",1,"51","pasture",28,33,0,14,36,7,0,118
"653","VP.1.A.54.2015",2015,"A","VP",1,"54","pasture",54,28,0,15,30,33,0,160
"654","VP.1.A.61.2015",2015,"A","VP",1,"61","pasture",47,32,0,7,40,12,0,138
"655","VP.1.A.71.2016",2016,"A","VP",1,"71","pasture",37,48,0,0,12,19,1,117
"656","VP.1.A.80.2016",2016,"A","VP",1,"80","pasture",45,30,0,0,23,7,1,106
"657","VP.1.A.85.2017",2017,"A","VP",1,"85","pasture",31,18,0,7,16,14,0,86
"658","VP.1.B.11.2017",2017,"B","VP",1,"11","pasture",56,26,0,10,12,18,0,122
"659","VP.1.B.20.2015",2015,"B","VP",1,"20","pasture",48,37,0,6,10,9,2,112
"660","VP.1.B.35.2015",2015,"B","VP",1,"35","pasture",50,36,0,10,19,9,3,127
"661","VP.1.B.44.2017",2017,"B","VP",1,"44","pasture",58,31,0,10,20,16,0,135
"662","VP.1.B.51.2016",2016,"B","VP",1,"51","pasture",30,51,0,0,42,32,1,156
"663","VP.1.B.54.2016",2016,"B","VP",1,"54","pasture",57,37,0,0,16,27,1,138
"664","VP.1.B.61.2016",2016,"B","VP",1,"61","pasture",48,53,0,0,5,27,0,133
"665","VP.1.B.85.2015",2015,"B","VP",1,"85","pasture",33,51,0,7,17,18,2,128
"666","VP.1.B.91.2017",2017,"B","VP",1,"91","pasture",39,45,0,16,37,5,0,142
"667","VP.1.C.11.2015",2015,"C","VP",1,"11","pasture",49,41,0,6,8,18,0,122
"668","VP.1.C.20.2016",2016,"C","VP",1,"20","pasture",68,51,0,0,23,21,1,164
"669","VP.1.C.35.2016",2016,"C","VP",1,"35","pasture",35,12,0,0,8,21,0,76
"670","VP.1.C.44.2015",2015,"C","VP",1,"44","pasture",45,41,1,12,21,15,0,135
"671","VP.1.C.51.2017",2017,"C","VP",1,"51","pasture",62,39,0,10,45,16,1,173
"672","VP.1.C.54.2017",2017,"C","VP",1,"54","pasture",31,42,0,10,59,21,1,164
"673","VP.1.C.61.2017",2017,"C","VP",1,"61","pasture",38,30,0,10,7,17,0,102
"674","VP.1.C.85.2016",2016,"C","VP",1,"85","pasture",48,51,0,0,11,24,0,134
"675","VP.1.C.91.2015",2015,"C","VP",1,"91","pasture",32,31,0,7,16,14,0,100
"676","VP.2.A.11.2016",2016,"A","VP",2,"11","pasture",57,24,0,0,16,11,1,109
"677","VP.2.A.24.2015",2015,"A","VP",2,"24","pasture",30,28,0,0,12,10,0,80
"678","VP.2.A.44.2016",2016,"A","VP",2,"44","pasture",59,46,0,0,7,13,1,126
"679","VP.2.A.53.2017",2017,"A","VP",2,"53","pasture",43,33,0,10,16,12,0,114
"680","VP.2.A.59.2017",2017,"A","VP",2,"59","pasture",58,14,0,6,35,19,1,133
"681","VP.2.A.6.2017",2017,"A","VP",2,"6","pasture",44,20,0,6,12,12,0,94
"682","VP.2.A.67.2015",2015,"A","VP",2,"67","pasture",16,37,0,3,23,13,0,92
"683","VP.2.A.9.2015",2015,"A","VP",2,"9","pasture",28,36,3,13,23,7,0,110
"684","VP.2.A.91.2016",2016,"A","VP",2,"91","pasture",37,32,0,0,20,7,0,96
"685","VP.2.B.15.2016",2016,"B","VP",2,"15","pasture",43,52,0,0,28,8,1,132
"686","VP.2.B.29.2017",2017,"B","VP",2,"29","pasture",41,20,0,2,16,15,0,94
"687","VP.2.B.35.2016",2016,"B","VP",2,"35","pasture",43,33,0,0,35,30,2,143
"688","VP.2.B.53.2015",2015,"B","VP",2,"53","pasture",51,22,0,13,23,21,1,131
"689","VP.2.B.59.2015",2015,"B","VP",2,"59","pasture",54,31,0,2,22,7,1,117
"690","VP.2.B.6.2015",2015,"B","VP",2,"6","pasture",62,44,0,2,16,16,1,141
"691","VP.2.B.71.2017",2017,"B","VP",2,"71","pasture",17,23,0,4,38,6,0,88
"692","VP.2.B.8.2016",2016,"B","VP",2,"8","pasture",50,63,0,0,21,2,0,136
"693","VP.2.B.80.2017",2017,"B","VP",2,"80","pasture",60,32,0,0,35,14,0,141
"694","VP.2.C.15.2017",2017,"C","VP",2,"15","pasture",71,32,0,6,16,24,0,149
"695","VP.2.C.29.2015",2015,"C","VP",2,"29","pasture",22,37,0,13,28,7,0,107
"696","VP.2.C.35.2017",2017,"C","VP",2,"35","pasture",60,48,0,9,13,4,2,136
"697","VP.2.C.53.2016",2016,"C","VP",2,"53","pasture",47,33,0,0,17,7,0,104
"698","VP.2.C.59.2016",2016,"C","VP",2,"59","pasture",63,48,0,0,40,2,0,153
"699","VP.2.C.6.2016",2016,"C","VP",2,"6","pasture",52,29,0,0,32,19,2,134
"700","VP.2.C.71.2015",2015,"C","VP",2,"71","pasture",55,28,1,14,13,15,0,126
"701","VP.2.C.8.2017",2017,"C","VP",2,"8","pasture",27,31,0,8,15,5,0,86
"702","VP.2.C.80.2015",2015,"C","VP",2,"80","pasture",30,43,0,12,24,27,0,136
"703","VP.3.A.3.2017",2017,"A","VP",3,"3","pasture",38,23,0,8,12,13,0,94
"704","VP.3.A.31.2015",2015,"A","VP",3,"31","pasture",20,20,0,11,20,6,0,77
"705","VP.3.A.47.2015",2015,"A","VP",3,"47","pasture",20,50,0,8,12,2,2,94
"706","VP.3.A.52.2016",2016,"A","VP",3,"52","pasture",42,36,0,0,38,23,0,139
"707","VP.3.A.7.2016",2016,"A","VP",3,"7","pasture",67,32,0,0,35,41,1,176
"708","VP.3.A.73.2017",2017,"A","VP",3,"73","pasture",30,28,0,4,38,19,0,119
"709","VP.3.A.74.2015",2015,"A","VP",3,"74","pasture",2,16,0,13,11,16,2,60
"710","VP.3.A.82.2016",2016,"A","VP",3,"82","pasture",39,49,0,0,42,29,1,160
"711","VP.3.A.88.2017",2017,"A","VP",3,"88","pasture",46,23,0,6,28,8,1,112
"712","VP.3.B.3.2015",2015,"B","VP",3,"3","pasture",71,40,0,11,30,15,1,168
"713","VP.3.B.31.2016",2016,"B","VP",3,"31","pasture",38,16,0,0,19,27,1,101
"714","VP.3.B.47.2016",2016,"B","VP",3,"47","pasture",47,18,0,0,20,27,4,116
"715","VP.3.B.52.2017",2017,"B","VP",3,"52","pasture",16,37,0,12,28,28,1,122
"716","VP.3.B.7.2017",2017,"B","VP",3,"7","pasture",21,22,0,4,29,1,0,77
"717","VP.3.B.73.2015",2015,"B","VP",3,"73","pasture",50,32,0,8,23,3,0,116
"718","VP.3.B.74.2016",2016,"B","VP",3,"74","pasture",86,25,0,0,2,33,0,146
"719","VP.3.B.82.2017",2017,"B","VP",3,"82","pasture",57,19,0,12,28,14,1,131
"720","VP.3.B.88.2015",2015,"B","VP",3,"88","pasture",65,35,0,8,16,3,1,128
"721","VP.3.C.3.2016",2016,"C","VP",3,"3","pasture",60,21,0,0,9,19,0,109
"722","VP.3.C.31.2017",2017,"C","VP",3,"31","pasture",19,27,1,4,24,5,0,80
"723","VP.3.C.47.2017",2017,"C","VP",3,"47","pasture",38,36,0,4,29,4,2,113
"724","VP.3.C.52.2015",2015,"C","VP",3,"52","pasture",39,22,0,6,16,11,1,95
"725","VP.3.C.7.2015",2015,"C","VP",3,"7","pasture",42,44,0,9,23,9,3,130
"726","VP.3.C.73.2016",2016,"C","VP",3,"73","pasture",66,41,0,0,28,14,0,149
"727","VP.3.C.74.2017",2017,"C","VP",3,"74","pasture",77,37,0,2,20,19,0,155
"728","VP.3.C.82.2015",2015,"C","VP",3,"82","pasture",51,33,0,9,30,27,1,151
"729","VP.3.C.88.2016",2016,"C","VP",3,"88","pasture",54,26,0,0,28,19,0,127
"730","VP.4.A.13.2015",2015,"A","VP",4,"13","pasture",44,38,0,7,28,15,1,133
"731","VP.4.A.19.2017",2017,"A","VP",4,"19","pasture",36,30,0,2,28,7,2,105
"732","VP.4.A.2.2017",2017,"A","VP",4,"2","pasture",50,16,0,11,36,16,0,129
"733","VP.4.A.38.2017",2017,"A","VP",4,"38","pasture",38,28,0,2,12,14,1,95
"734","VP.4.A.58.2016",2016,"A","VP",4,"58","pasture",40,16,0,1,40,29,0,126
"735","VP.4.A.65.2016",2016,"A","VP",4,"65","pasture",46,14,0,4,12,10,2,88
"736","VP.4.A.73.2016",2016,"A","VP",4,"73","pasture",40,11,0,4,32,10,1,98
"737","VP.4.A.84.2015",2015,"A","VP",4,"84","pasture",37,33,0,4,38,17,1,130
"738","VP.4.A.85.2015",2015,"A","VP",4,"85","pasture",49,30,0,7,38,21,1,146
"739","VP.4.B.19.2015",2015,"B","VP",4,"19","pasture",45,35,0,8,0,14,0,102
"740","VP.4.B.2.2015",2015,"B","VP",4,"2","pasture",41,17,0,11,29,3,0,101
"741","VP.4.B.24.2016",2016,"B","VP",4,"24","pasture",42,57,0,0,46,2,1,148
"742","VP.4.B.38.2015",2015,"B","VP",4,"38","pasture",39,17,0,3,23,18,0,100
"743","VP.4.B.58.2017",2017,"B","VP",4,"58","pasture",20,35,0,2,35,14,0,106
"744","VP.4.B.65.2017",2017,"B","VP",4,"65","pasture",29,24,0,2,40,16,0,111
"745","VP.4.B.67.2016",2016,"B","VP",4,"67","pasture",51,45,0,0,20,27,2,145
"746","VP.4.B.73.2017",2017,"B","VP",4,"73","pasture",61,37,0,10,40,23,0,171
"747","VP.4.B.9.2016",2016,"B","VP",4,"9","pasture",56,43,0,0,40,15,1,155
"748","VP.4.C.00a.2015",2015,"C","VP",4,"00a","pasture",52,21,0,9,23,30,0,135
"749","VP.4.C.00b.2015",2015,"C","VP",4,"00b","pasture",48,30,0,5,29,27,1,140
"750","VP.4.C.00c.2015",2015,"C","VP",4,"00c","pasture",33,29,0,23,16,11,1,113
"751","VP.4.C.19.2016",2016,"C","VP",4,"19","pasture",27,30,0,0,27,0,0,84
"752","VP.4.C.2.2016",2016,"C","VP",4,"2","pasture",11,22,0,0,19,7,0,59
"753","VP.4.C.24.2017",2017,"C","VP",4,"24","pasture",19,11,2,7,15,27,0,81
"754","VP.4.C.38.2016",2016,"C","VP",4,"38","pasture",58,35,0,0,19,12,0,124
"755","VP.4.C.67.2017",2017,"C","VP",4,"67","pasture",49,56,0,11,28,11,1,156
"756","VP.4.C.9.2017",2017,"C","VP",4,"9","pasture",32,59,0,8,12,0,0,111
"757","VP.5.A.10.2015",2015,"A","VP",5,"10","pasture",18,24,0,3,36,2,0,83
"758","VP.5.A.10.2017",2017,"A","VP",5,"10","pasture",21,17,0,11,35,1,0,85
"759","VP.5.A.14.2016",2016,"A","VP",5,"14","pasture",30,37,0,0,45,2,0,114
"760","VP.5.A.28.2016",2016,"A","VP",5,"28","pasture",46,40,0,0,40,8,0,134
"761","VP.5.A.29.2017",2017,"A","VP",5,"29","pasture",35,18,0,1,20,2,0,76
"762","VP.5.A.41.2016",2016,"A","VP",5,"41","pasture",45,38,0,0,38,14,0,135
"763","VP.5.A.78.2015",2015,"A","VP",5,"78","pasture",54,17,0,2,39,0,0,112
"764","VP.5.A.80.2017",2017,"A","VP",5,"80","pasture",41,12,0,6,29,29,0,117
"765","VP.5.A.83.2015",2015,"A","VP",5,"83","pasture",11,11,0,5,19,8,3,57
"766","VP.5.B.10.2015",2015,"B","VP",5,"10","pasture",48,39,0,12,35,11,1,146
"767","VP.5.B.10.2016",2016,"B","VP",5,"10","pasture",37,39,0,0,30,4,0,110
"768","VP.5.B.14.2017",2017,"B","VP",5,"14","pasture",54,24,0,13,28,34,1,154
"769","VP.5.B.28.2017",2017,"B","VP",5,"28","pasture",51,30,0,15,20,16,1,133
"770","VP.5.B.29.2015",2015,"B","VP",5,"29","pasture",48,30,0,8,35,8,0,129
"771","VP.5.B.41.2017",2017,"B","VP",5,"41","pasture",66,32,0,8,28,34,0,168
"772","VP.5.B.78.2016",2016,"B","VP",5,"78","pasture",33,28,0,0,36,27,0,124
"773","VP.5.B.80.2015",2015,"B","VP",5,"80","pasture",35,52,0,3,1,14,1,106
"774","VP.5.B.83.2016",2016,"B","VP",5,"83","pasture",54,24,0,0,36,20,1,135
"775","VP.5.C.10.2016",2016,"C","VP",5,"10","pasture",59,48,0,0,12,4,1,124
"776","VP.5.C.10.2017",2017,"C","VP",5,"10","pasture",16,38,0,3,7,24,0,88
"777","VP.5.C.14.2015",2015,"C","VP",5,"14","pasture",38,52,0,14,40,17,0,161
"778","VP.5.C.28.2015",2015,"C","VP",5,"28","pasture",19,39,0,5,35,8,1,107
"779","VP.5.C.29.2016",2016,"C","VP",5,"29","pasture",38,25,0,0,28,24,1,116
"780","VP.5.C.41.2015",2015,"C","VP",5,"41","pasture",46,45,0,22,23,27,1,164
"781","VP.5.C.78.2017",2017,"C","VP",5,"78","pasture",30,40,0,7,37,18,0,132
"782","VP.5.C.80.2016",2016,"C","VP",5,"80","pasture",56,19,0,0,20,4,1,100
"783","VP.5.C.83.2017",2017,"C","VP",5,"83","pasture",65,32,0,6,15,27,1,146
"784","VP.6.A.16.2015",2015,"A","VP",6,"16","pasture",34,31,0,4,35,13,0,117
"785","VP.6.A.3.2016",2016,"A","VP",6,"3","pasture",32,17,0,0,2,0,0,51
"786","VP.6.A.42.2015",2015,"A","VP",6,"42","pasture",35,31,0,0,28,0,0,94
"787","VP.6.A.47.2017",2017,"A","VP",6,"47","pasture",31,16,0,10,28,1,0,86
"788","VP.6.A.48.2017",2017,"A","VP",6,"48","pasture",51,16,0,2,20,0,0,89
"789","VP.6.A.53.2015",2015,"A","VP",6,"53","pasture",42,25,0,4,30,0,0,101
"790","VP.6.A.79.2016",2016,"A","VP",6,"79","pasture",25,7,0,0,12,16,0,60
"791","VP.6.A.86.2017",2017,"A","VP",6,"86","pasture",68,8,0,6,22,14,0,118
"792","VP.6.A.96.2016",2016,"A","VP",6,"96","pasture",50,7,0,0,3,14,0,74
"793","VP.6.B.13.2016",2016,"B","VP",6,"13","pasture",42,52,0,0,30,26,1,151
"794","VP.6.B.3.2017",2017,"B","VP",6,"3","pasture",52,47,0,2,44,1,0,146
"795","VP.6.B.47.2015",2015,"B","VP",6,"47","pasture",43,25,0,8,23,21,1,121
"796","VP.6.B.48.2015",2015,"B","VP",6,"48","pasture",49,29,0,5,23,14,1,121
"797","VP.6.B.79.2017",2017,"B","VP",6,"79","pasture",26,28,0,6,39,30,0,129
"798","VP.6.B.84.2016",2016,"B","VP",6,"84","pasture",47,38,0,0,43,5,0,133
"799","VP.6.B.85.2016",2016,"B","VP",6,"85","pasture",53,39,0,0,38,14,0,144
"800","VP.6.B.86.2015",2015,"B","VP",6,"86","pasture",30,14,0,8,23,3,0,78
"801","VP.6.B.96.2017",2017,"B","VP",6,"96","pasture",29,22,0,11,7,1,0,70
"802","VP.6.C.13.2017",2017,"C","VP",6,"13","pasture",45,45,0,6,43,16,1,156
"803","VP.6.C.3.2015",2015,"C","VP",6,"3","pasture",52,52,1,8,14,18,0,145
"804","VP.6.C.47.2016",2016,"C","VP",6,"47","pasture",53,25,0,0,36,10,1,125
"805","VP.6.C.48.2016",2016,"C","VP",6,"48","pasture",60,46,0,0,30,15,0,151
"806","VP.6.C.79.2015",2015,"C","VP",6,"79","pasture",25,37,0,21,28,27,0,138
"807","VP.6.C.84.2017",2017,"C","VP",6,"84","pasture",49,24,0,10,36,1,0,120
"808","VP.6.C.85.2017",2017,"C","VP",6,"85","pasture",50,34,0,6,45,21,1,157
"809","VP.6.C.86.2016",2016,"C","VP",6,"86","pasture",22,28,0,0,23,21,0,94
"810","VP.6.C.96.2015",2015,"C","VP",6,"96","pasture",38,41,0,6,51,5,0,141
"811","VP.7.A.17.2017",2017,"A","VP",7,"17","pasture",27,47,0,9,28,17,0,128
"812","VP.7.A.24.2016",2016,"A","VP",7,"24","pasture",38,12,0,0,16,14,0,80
"813","VP.7.A.24.2017",2017,"A","VP",7,"24","pasture",29,9,1,8,20,24,0,91
"814","VP.7.A.33.2017",2017,"A","VP",7,"33","pasture",50,14,0,9,31,14,1,119
"815","VP.7.A.50.2015",2015,"A","VP",7,"50","pasture",33,25,0,3,29,8,1,99
"816","VP.7.A.59.2015",2015,"A","VP",7,"59","pasture",30,24,1,6,38,11,1,111
"817","VP.7.A.63.2016",2016,"A","VP",7,"63","pasture",42,15,0,0,7,7,0,71
"818","VP.7.A.98.2015",2015,"A","VP",7,"98","pasture",47,29,1,15,38,30,0,160
"819","VP.7.A.99.2016",2016,"A","VP",7,"99","pasture",31,63,1,0,16,10,2,123
"820","VP.7.B.17.2015",2015,"B","VP",7,"17","pasture",63,29,0,16,16,20,3,147
"821","VP.7.B.2.2017",2017,"B","VP",7,"2","pasture",33,49,0,11,46,14,1,154
"822","VP.7.B.24.2015",2015,"B","VP",7,"24","pasture",65,40,0,9,3,16,3,136
"823","VP.7.B.33.2015",2015,"B","VP",7,"33","pasture",61,26,0,8,16,6,2,119
"824","VP.7.B.50.2016",2016,"B","VP",7,"50","pasture",17,21,0,0,3,8,0,49
"825","VP.7.B.59.2016",2016,"B","VP",7,"59","pasture",42,29,0,0,31,16,0,118
"826","VP.7.B.63.2017",2017,"B","VP",7,"63","pasture",14,50,0,10,23,2,0,99
"827","VP.7.B.98.2016",2016,"B","VP",7,"98","pasture",21,47,0,0,19,1,0,88
"828","VP.7.B.99.2017",2017,"B","VP",7,"99","pasture",16,28,0,14,17,0,1,76
"829","VP.7.C.17.2016",2016,"C","VP",7,"17","pasture",52,59,0,0,28,23,1,163
"830","VP.7.C.24.2015",2015,"C","VP",7,"24","pasture",31,29,0,16,35,5,1,117
"831","VP.7.C.24.2016",2016,"C","VP",7,"24","pasture",55,24,0,0,28,24,0,131
"832","VP.7.C.33.2016",2016,"C","VP",7,"33","pasture",57,22,0,0,21,18,0,118
"833","VP.7.C.50.2017",2017,"C","VP",7,"50","pasture",29,54,0,7,27,30,1,148
"834","VP.7.C.59.2017",2017,"C","VP",7,"59","pasture",25,32,0,8,37,11,1,114
"835","VP.7.C.63.2015",2015,"C","VP",7,"63","pasture",45,29,0,13,28,3,0,118
"836","VP.7.C.98.2017",2017,"C","VP",7,"98","pasture",22,27,0,10,24,15,0,98
"837","VP.7.C.99.2015",2015,"C","VP",7,"99","pasture",20,47,1,18,20,8,1,115
"838","VP.8.A.12.2016",2016,"A","VP",8,"12","pasture",38,38,0,5,23,5,1,110
"839","VP.8.A.16.2015",2015,"A","VP",8,"16","pasture",39,20,1,10,35,16,1,122
"840","VP.8.A.31.2016",2016,"A","VP",8,"31","pasture",43,29,0,0,20,14,0,106
"841","VP.8.A.42.2015",2015,"A","VP",8,"42","pasture",16,14,0,0,0,0,1,31
"842","VP.8.A.45.2017",2017,"A","VP",8,"45","pasture",27,16,0,2,28,14,0,87
"843","VP.8.A.47.2016",2016,"A","VP",8,"47","pasture",32,27,1,0,16,24,0,100
"844","VP.8.A.53.2015",2015,"A","VP",8,"53","pasture",32,41,0,0,28,16,0,117
"845","VP.8.A.66.2017",2017,"A","VP",8,"66","pasture",31,21,1,2,36,24,1,116
"846","VP.8.A.91.2017",2017,"A","VP",8,"91","pasture",37,19,0,11,35,6,1,109
"847","VP.8.B.12.2017",2017,"B","VP",8,"12","pasture",6,15,0,16,7,16,1,61
"848","VP.8.B.16.2016",2016,"B","VP",8,"16","pasture",32,37,0,0,28,15,3,115
"849","VP.8.B.31.2017",2017,"B","VP",8,"31","pasture",42,38,0,10,30,14,1,135
"850","VP.8.B.42.2016",2016,"B","VP",8,"42","pasture",40,48,0,0,23,32,0,143
"851","VP.8.B.45.2015",2015,"B","VP",8,"45","pasture",47,59,0,8,23,6,0,143
"852","VP.8.B.47.2017",2017,"B","VP",8,"47","pasture",25,27,0,8,20,12,0,92
"853","VP.8.B.53.2016",2016,"B","VP",8,"53","pasture",48,37,0,0,23,19,0,127
"854","VP.8.B.60.2015",2015,"B","VP",8,"60","pasture",46,27,0,2,23,7,0,105
"855","VP.8.B.91.2015",2015,"B","VP",8,"91","pasture",37,46,0,4,23,4,1,115
"856","VP.8.C.12.2015",2015,"C","VP",8,"12","pasture",33,44,1,8,20,20,0,126
"857","VP.8.C.16.2017",2017,"C","VP",8,"16","pasture",47,60,0,6,38,14,0,165
"858","VP.8.C.31.2015",2015,"C","VP",8,"31","pasture",26,45,1,17,23,27,0,139
"859","VP.8.C.42.2017",2017,"C","VP",8,"42","pasture",21,35,0,6,38,1,0,101
"860","VP.8.C.45.2016",2016,"C","VP",8,"45","pasture",35,30,0,0,28,14,0,107
"861","VP.8.C.47.2015",2015,"C","VP",8,"47","pasture",38,52,1,23,21,8,0,143
"862","VP.8.C.53.2017",2017,"C","VP",8,"53","pasture",58,32,0,6,35,1,0,132
"863","VP.8.C.66.2016",2016,"C","VP",8,"66","pasture",64,38,0,0,43,17,0,162
"864","VP.8.C.91.2016",2016,"C","VP",8,"91","pasture",27,38,0,0,35,9,0,109
